Bayou Boo (Chap. 1-4),Bayou,Bayou,Bayou,Bayou,Bayou,Bayou,Bayou,Twins' Bayou Shack (Outside),Twins' Bayou Shack (Outside),Twins' Bayou Shack (Outside),Twins' Bayou Shack (Outside),Twins' Bayou Shack (Inside),Twins' Bayou Shack (Inside),Twins' Bayou Shack (Outside),Twins' Bayou Shack (Outside),Twins' Bayou Shack (Outside),Twins' Bayou Shack (Outside),Twins' Bayou Shack (Outside),Twins' Bayou Shack (Outside),Twins' Bayou Shack (Outside),Twins' Bayou Shack (Inside),Twins' Bayou Shack (Inside),Twins' Bayou Shack (Inside),Bayou,Bayou,Bayou,Bayou,Bayou,Bayou,Bayou,Bayou,Twins' Bayou Shack (Outside),Twins' Bayou Shack (Outside),Twins' Bayou Shack (Outside),Twins' Bayou Shack (Outside),Twins' Bayou Shack (Inside),Twins' Bayou Shack (Inside),Twins' Bayou Shack (Outside),Twins' Bayou Shack (Outside),Twins' Bayou Shack (Outside),Twins' Bayou Shack (Outside),Twins' Bayou Shack (Outside),Twins' Bayou Shack (Outside),Twins' Bayou Shack (Outside),Twins' Bayou Shack (Inside),Twins' Bayou Shack (Inside),Twins' Bayou Shack (Inside),Bayou,Bayou,Bayou,Bayou,Bayou,Bayou,Bayou,Bayou,Twins' Bayou Shack (Outside),Twins' Bayou Shack (Outside),Twins' Bayou Shack (Outside),Twins' Bayou Shack (Outside),Twins' Bayou Shack (Inside),Twins' Bayou Shack (Inside),Twins' Bayou Shack (Outside),Twins' Bayou Shack (Outside),Twins' Bayou Shack (Outside),Twins' Bayou Shack (Outside),Twins' Bayou Shack (Outside),Twins' Bayou Shack (Outside),Twins' Bayou Shack (Outside),Twins' Bayou Shack (Inside),Twins' Bayou Shack (Inside),Twins' Bayou Shack (Inside),Bayou,Bayou,Bayou,Bayou,Bayou,Bayou,Bayou,Bayou,Twins' Bayou Shack (Outside),Twins' Bayou Shack (Outside),Twins' Bayou Shack (Outside),Twins' Bayou Shack (Outside),Twins' Bayou Shack (Inside),Twins' Bayou Shack (Inside),Twins' Bayou Shack (Outside),Twins' Bayou Shack (Outside),Twins' Bayou Shack (Outside),Twins' Bayou Shack (Outside),Twins' Bayou Shack (Outside),Twins' Bayou Shack (Outside),Twins' Bayou Shack (Outside),Twins' Bayou Shack (Inside),Twins' Bayou Shack (Inside),Twins' Bayou Shack (Inside),Bayou,Bayou,Bayou,Bayou,Bayou,Bayou,Bayou,Bayou,Twins' Bayou Shack (Outside),Twins' Bayou Shack (Outside),Twins' Bayou Shack (Outside),Twins' Bayou Shack (Outside),Twins' Bayou Shack (Inside),Twins' Bayou Shack (Inside),Twins' Bayou Shack (Outside),Twins' Bayou Shack (Outside),Twins' Bayou Shack (Outside),Twins' Bayou Shack (Outside),Twins' Bayou Shack (Outside),Twins' Bayou Shack (Outside),Twins' Bayou Shack (Outside),Twins' Bayou Shack (Inside),Twins' Bayou Shack (Inside),Twins' Bayou Shack (Inside),Bayou,Bayou,Bayou,Bayou,Bayou,Bayou,Bayou,Bayou,Twins' Bayou Shack (Outside),Twins' Bayou Shack (Outside),Twins' Bayou Shack (Outside),Twins' Bayou Shack (Outside),Twins' Bayou Shack (Inside),Twins' Bayou Shack (Inside),Twins' Bayou Shack (Outside),Twins' Bayou Shack (Outside),Twins' Bayou Shack (Outside),Twins' Bayou Shack (Outside),Twins' Bayou Shack (Outside),Twins' Bayou Shack (Outside),Twins' Bayou Shack (Outside),Twins' Bayou Shack (Inside),Twins' Bayou Shack (Inside),Twins' Bayou Shack (Inside),Bayou,Bayou,Bayou,Bayou,Bayou,Bayou,Bayou,Bayou,Twins' Bayou Shack (Outside),Twins' Bayou Shack (Outside),Twins' Bayou Shack (Outside),Twins' Bayou Shack (Outside),Twins' Bayou Shack (Inside),Twins' Bayou Shack (Inside),Twins' Bayou Shack (Outside),Twins' Bayou Shack (Outside),Twins' Bayou Shack (Outside),Twins' Bayou Shack (Outside),Twins' Bayou Shack (Outside),Twins' Bayou Shack (Outside),Twins' Bayou Shack (Outside),Twins' Bayou Shack (Inside),Twins' Bayou Shack (Inside),Twins' Bayou Shack (Inside),Bayou
Bayou Boo (Vampire),Mausoleum,Mausoleum,Mausoleum,Mausoleum,Mausoleum,Mausoleum,Mausoleum,Mausoleum,Mausoleum,Mausoleum,Mausoleum,Mausoleum,Mausoleum,Mausoleum,Mausoleum,Mausoleum,Mausoleum,Mausoleum,Mausoleum,Mausoleum,Mausoleum,Mausoleum,Mausoleum,Mausoleum,Mausoleum,Mausoleum,Mausoleum,Mausoleum,Mausoleum,Mausoleum,Mausoleum,Mausoleum,Mausoleum,Mausoleum,Mausoleum,Mausoleum,Mausoleum,Mausoleum,Mausoleum,Mausoleum,Mausoleum,Mausoleum,Mausoleum,Mausoleum,Mausoleum,Mausoleum,Mausoleum,Mausoleum,Mausoleum,Mausoleum,Mausoleum,Mausoleum,Mausoleum,Mausoleum,Mausoleum,Mausoleum,Mausoleum,Mausoleum,Mausoleum,Mausoleum,Mausoleum,Mausoleum,Mausoleum,Mausoleum,Mausoleum,Mausoleum,Mausoleum,Mausoleum,Mausoleum,Mausoleum,Mausoleum,Mausoleum,Mausoleum,Mausoleum,Mausoleum,Mausoleum,Mausoleum,Mausoleum,Mausoleum,Mausoleum,Mausoleum,Mausoleum,Mausoleum,Mausoleum,Mausoleum,Mausoleum,Mausoleum,Mausoleum,Mausoleum,Mausoleum,Mausoleum,Mausoleum,Mausoleum,Mausoleum,Mausoleum,Mausoleum,Mausoleum,Mausoleum,Mausoleum,Mausoleum,Mausoleum,Mausoleum,Mausoleum,Mausoleum,Mausoleum,Mausoleum,Mausoleum,Mausoleum,Mausoleum,Mausoleum,Mausoleum,Mausoleum,Mausoleum,Mausoleum,Mausoleum,Mausoleum,Mausoleum,Mausoleum,Mausoleum,Mausoleum,Mausoleum,Mausoleum,Mausoleum,Mausoleum,Mausoleum,Mausoleum,Mausoleum,Mausoleum,Mausoleum,Mausoleum,Mausoleum,Mausoleum,Mausoleum,Mausoleum,Mausoleum,Mausoleum,Mausoleum,Mausoleum,Mausoleum,Mausoleum,Mausoleum,Mausoleum,Mausoleum,Mausoleum,Mausoleum,Mausoleum,Mausoleum,Mausoleum,Mausoleum,Mausoleum,Mausoleum,Mausoleum,Mausoleum,Mausoleum,Mausoleum,Mausoleum,Mausoleum,Mausoleum,Mausoleum,Mausoleum,Mausoleum,Mausoleum,Mausoleum,Mausoleum,Mausoleum,Mausoleum,Mausoleum,Mausoleum
Bayou Boo (Chap. 5),Bayou,Bayou,Bayou,Bayou,Bayou,Bayou,Bayou,Twins' Bayou Shack (Outside),Twins' Bayou Shack (Outside),Twins' Bayou Shack (Outside),Twins' Bayou Shack (Outside),Twins' Bayou Shack (Inside),Twins' Bayou Shack (Inside),Twins' Bayou Shack (Outside),Twins' Bayou Shack (Outside),Twins' Bayou Shack (Outside),Twins' Bayou Shack (Outside),Twins' Bayou Shack (Outside),Twins' Bayou Shack (Outside),Twins' Bayou Shack (Outside),Twins' Bayou Shack (Inside),Twins' Bayou Shack (Inside),Twins' Bayou Shack (Inside),Bayou,Bayou,Bayou,Bayou,Bayou,Bayou,Bayou,Bayou,Twins' Bayou Shack (Outside),Twins' Bayou Shack (Outside),Twins' Bayou Shack (Outside),Twins' Bayou Shack (Outside),Twins' Bayou Shack (Inside),Twins' Bayou Shack (Inside),Twins' Bayou Shack (Outside),Twins' Bayou Shack (Outside),Twins' Bayou Shack (Outside),Twins' Bayou Shack (Outside),Twins' Bayou Shack (Outside),Twins' Bayou Shack (Outside),Twins' Bayou Shack (Outside),Twins' Bayou Shack (Inside),Twins' Bayou Shack (Inside),Twins' Bayou Shack (Inside),Bayou,Bayou,Bayou,Bayou,Bayou,Bayou,Bayou,Bayou,Twins' Bayou Shack (Outside),Twins' Bayou Shack (Outside),Twins' Bayou Shack (Outside),Twins' Bayou Shack (Outside),Twins' Bayou Shack (Inside),Twins' Bayou Shack (Inside),Twins' Bayou Shack (Outside),Twins' Bayou Shack (Outside),Twins' Bayou Shack (Outside),Twins' Bayou Shack (Outside),Twins' Bayou Shack (Outside),Twins' Bayou Shack (Outside),Twins' Bayou Shack (Outside),Twins' Bayou Shack (Inside),Twins' Bayou Shack (Inside),Twins' Bayou Shack (Inside),Bayou,Bayou,Bayou,Bayou,Bayou,Bayou,Bayou,Bayou,Twins' Bayou Shack (Outside),Twins' Bayou Shack (Outside),Twins' Bayou Shack (Outside),Twins' Bayou Shack (Outside),Twins' Bayou Shack (Inside),Twins' Bayou Shack (Inside),Twins' Bayou Shack (Outside),Twins' Bayou Shack (Outside),Twins' Bayou Shack (Outside),Twins' Bayou Shack (Outside),Twins' Bayou Shack (Outside),Twins' Bayou Shack (Outside),Twins' Bayou Shack (Outside),Twins' Bayou Shack (Inside),Twins' Bayou Shack (Inside),Twins' Bayou Shack (Inside),Bayou,Bayou,Bayou,Bayou,Bayou,Bayou,Bayou,Bayou,Twins' Bayou Shack (Outside),Twins' Bayou Shack (Outside),Twins' Bayou Shack (Outside),Twins' Bayou Shack (Outside),Twins' Bayou Shack (Inside),Twins' Bayou Shack (Inside),Twins' Bayou Shack (Outside),Twins' Bayou Shack (Outside),Twins' Bayou Shack (Outside),Twins' Bayou Shack (Outside),Twins' Bayou Shack (Outside),Twins' Bayou Shack (Outside),Twins' Bayou Shack (Outside),Twins' Bayou Shack (Inside),Twins' Bayou Shack (Inside),Twins' Bayou Shack (Inside),Bayou,Bayou,Bayou,Bayou,Bayou,Bayou,Bayou,Bayou,Twins' Bayou Shack (Outside),Twins' Bayou Shack (Outside),Twins' Bayou Shack (Outside),Twins' Bayou Shack (Outside),Twins' Bayou Shack (Inside),Twins' Bayou Shack (Inside),Twins' Bayou Shack (Outside),Twins' Bayou Shack (Outside),Twins' Bayou Shack (Outside),Twins' Bayou Shack (Outside),Twins' Bayou Shack (Outside),Twins' Bayou Shack (Outside),Twins' Bayou Shack (Outside),Twins' Bayou Shack (Inside),Twins' Bayou Shack (Inside),Twins' Bayou Shack (Inside),Bayou,Bayou,Bayou,Bayou,Bayou,Bayou,Bayou,Bayou,Twins' Bayou Shack (Outside),Twins' Bayou Shack (Outside),Twins' Bayou Shack (Outside),Twins' Bayou Shack (Outside),Twins' Bayou Shack (Inside),Twins' Bayou Shack (Inside),Twins' Bayou Shack (Outside),Twins' Bayou Shack (Outside),Twins' Bayou Shack (Outside),Twins' Bayou Shack (Outside),Twins' Bayou Shack (Outside),Twins' Bayou Shack (Outside),Twins' Bayou Shack (Outside),Twins' Bayou Shack (Inside),Twins' Bayou Shack (Inside),Twins' Bayou Shack (Inside),Bayou
Berkeley Clodd,Urbania,Glasstown,Carnival,Carnival,Carnival,Carnival,Carnival,Glasstown,Urbania,Urbania,Urbania,Urbania,Urbania,Sim Quarter,Salty's Riverboat (Outside),Salty's Riverboat (Lounge),Salty's Riverboat (Lounge),Salty's Riverboat (Lounge),Salty's Riverboat (Lounge),Salty's Riverboat (Lounge),Salty's Riverboat (Lounge),Sim Quarter,Urbania,Urbania,Urbania,Glasstown,Carnival,UNAVAILABLE,UNAVAILABLE,UNAVAILABLE,Carnival,Glasstown,Urbania,Urbania,Urbania,Urbania,Urbania,Sim Quarter,Salty's Riverboat (Outside),Salty's Riverboat (Lounge),Salty's Riverboat (Lounge),Salty's Riverboat (Lounge),Salty's Riverboat (Lounge),Salty's Riverboat (Lounge),Salty's Riverboat (Outside),Sim Quarter,Urbania,Urbania,Urbania,Glasstown,Carnival,Carnival,Carnival,Carnival,Carnival,Glasstown,Urbania,Urbania,Urbania,Urbania,Urbania,Sim Quarter,Salty's Riverboat (Outside),Salty's Riverboat (Lounge),Salty's Riverboat (Lounge),Salty's Riverboat (Lounge),Salty's Riverboat (Lounge),Salty's Riverboat (Lounge),Salty's Riverboat (Outside),Sim Quarter,Urbania,Urbania,Urbania,Glasstown,Carnival,UNAVAILABLE,UNAVAILABLE,UNAVAILABLE,Carnival,Glasstown,Urbania,Urbania,Urbania,Urbania,Urbania,Sim Quarter,Salty's Riverboat (Outside),Salty's Riverboat (Lounge),Salty's Riverboat (Lounge),Salty's Riverboat (Lounge),Salty's Riverboat (Lounge),Salty's Riverboat (Lounge),Salty's Riverboat (Outside),Sim Quarter,Urbania,Urbania,Urbania,Glasstown,Carnival,Carnival,Carnival,Carnival,Carnival,Glasstown,Urbania,Urbania,Urbania,Urbania,Urbania,Sim Quarter,Salty's Riverboat (Outside),Salty's Riverboat (Lounge),Salty's Riverboat (Lounge),Salty's Riverboat (Lounge),Salty's Riverboat (Lounge),Salty's Riverboat (Lounge),Salty's Riverboat (Outside),Sim Quarter,Urbania,Urbania,Urbania,Glasstown,Carnival,Carnival,Carnival,Carnival,Carnival,Glasstown,Urbania,Urbania,Urbania,Urbania,Urbania,Sim Quarter,Salty's Riverboat (Outside),Salty's Riverboat (Lounge),Salty's Riverboat (Lounge),Salty's Riverboat (Lounge),Salty's Riverboat (Lounge),Salty's Riverboat (Lounge),Salty's Riverboat (Outside),Sim Quarter,Urbania,Urbania,Urbania,Glasstown,Carnival,Carnival,Carnival,Carnival,Carnival,Glasstown,Urbania,Urbania,Urbania,Urbania,Urbania,Sim Quarter,Salty's Riverboat (Outside),Salty's Riverboat (Lounge),Salty's Riverboat (Lounge),Salty's Riverboat (Lounge),Salty's Riverboat (Lounge),Salty's Riverboat (Lounge),Salty's Riverboat (Outside),Sim Quarter,Urbania,Urbania
Cannonball Coleman,Zeke's Zydeco Club,Zeke's Zydeco Club,Sim Quarter,Urbania,UNAVAILABLE,UNAVAILABLE,UNAVAILABLE,Urbania,Urbania,Glasstown,Coffee Shop,Coffee Shop,Coffee Shop,Glasstown,Urbania,Slice O' Life Pizza,Slice O' Life Pizza,Slice O' Life Pizza,Urbania,Sim Quarter,Zeke's Zydeco Club,Zeke's Zydeco Club,Zeke's Zydeco Club,Zeke's Zydeco Club,Zeke's Zydeco Club,Zeke's Zydeco Club,Sim Quarter,Urbania,UNAVAILABLE,UNAVAILABLE,UNAVAILABLE,UNAVAILABLE,Urbania,Glasstown,Coffee Shop,Coffee Shop,Coffee Shop,Glasstown,Urbania,Slice O' Life Pizza,Slice O' Life Pizza,Slice O' Life Pizza,Urbania,Sim Quarter,Zeke's Zydeco Club,Zeke's Zydeco Club,Zeke's Zydeco Club,Zeke's Zydeco Club,Zeke's Zydeco Club,Zeke's Zydeco Club,Sim Quarter,Urbania,UNAVAILABLE,UNAVAILABLE,UNAVAILABLE,Urbania,Urbania,Glasstown,Coffee Shop,Coffee Shop,Coffee Shop,Glasstown,Urbania,Slice O' Life Pizza,Slice O' Life Pizza,Slice O' Life Pizza,Urbania,Sim Quarter,Zeke's Zydeco Club,Zeke's Zydeco Club,Zeke's Zydeco Club,Zeke's Zydeco Club,Zeke's Zydeco Club,Zeke's Zydeco Club,Sim Quarter,Urbania,UNAVAILABLE,UNAVAILABLE,UNAVAILABLE,UNAVAILABLE,Urbania,Glasstown,Coffee Shop,Coffee Shop,Coffee Shop,Glasstown,Urbania,Slice O' Life Pizza,Slice O' Life Pizza,Slice O' Life Pizza,Urbania,Sim Quarter,Zeke's Zydeco Club,Zeke's Zydeco Club,Zeke's Zydeco Club,Zeke's Zydeco Club,Zeke's Zydeco Club,Zeke's Zydeco Club,Sim Quarter,Urbania,UNAVAILABLE,UNAVAILABLE,UNAVAILABLE,UNAVAILABLE,Urbania,Glasstown,Coffee Shop,Coffee Shop,Coffee Shop,Glasstown,Urbania,Slice O' Life Pizza,Slice O' Life Pizza,Slice O' Life Pizza,Urbania,Sim Quarter,Zeke's Zydeco Club,Zeke's Zydeco Club,Zeke's Zydeco Club,Zeke's Zydeco Club,Zeke's Zydeco Club,Zeke's Zydeco Club,Sim Quarter,Urbania,UNAVAILABLE,UNAVAILABLE,UNAVAILABLE,UNAVAILABLE,Urbania,Glasstown,Coffee Shop,Coffee Shop,Coffee Shop,Glasstown,Urbania,Slice O' Life Pizza,Slice O' Life Pizza,Slice O' Life Pizza,Urbania,Sim Quarter,Zeke's Zydeco Club,Zeke's Zydeco Club,Zeke's Zydeco Club,Zeke's Zydeco Club,Zeke's Zydeco Club,Zeke's Zydeco Club,Sim Quarter,Urbania,UNAVAILABLE,UNAVAILABLE,UNAVAILABLE,UNAVAILABLE,UNAVAILABLE,Glasstown,Coffee Shop,Coffee Shop,Coffee Shop,Glasstown,Urbania,Slice O' Life Pizza,Slice O' Life Pizza,Slice O' Life Pizza,Urbania,Sim Quarter,Zeke's Zydeco Club,Zeke's Zydeco Club,Zeke's Zydeco Club,Zeke's Zydeco Club
Crawdad Clem,Twins' Bayou Shack (Inside),Twins' Bayou Shack (Inside),Twins' Bayou Shack (Inside),Twins' Bayou Shack (Inside),Twins' Bayou Shack (Inside),Twins' Bayou Shack (Outside),Twins' Bayou Shack (Outside),Twins' Bayou Shack (Outside),Twins' Bayou Shack (Outside),Twins' Bayou Shack (Outside),Twins' Bayou Shack (Outside),Twins' Bayou Shack (Inside),Twins' Bayou Shack (Inside),Twins' Bayou Shack (Outside),Twins' Bayou Shack (Outside),Twins' Bayou Shack (Outside),Twins' Bayou Shack (Outside),Twins' Bayou Shack (Outside),Twins' Bayou Shack (Outside),Twins' Bayou Shack (Outside),Twins' Bayou Shack (Inside),Twins' Bayou Shack (Inside),Twins' Bayou Shack (Inside),Twins' Bayou Shack (Inside),Twins' Bayou Shack (Inside),Twins' Bayou Shack (Inside),Twins' Bayou Shack (Inside),Twins' Bayou Shack (Inside),Twins' Bayou Shack (Inside),Twins' Bayou Shack (Outside),Twins' Bayou Shack (Outside),Twins' Bayou Shack (Outside),Twins' Bayou Shack (Outside),Twins' Bayou Shack (Outside),Twins' Bayou Shack (Outside),Twins' Bayou Shack (Inside),Twins' Bayou Shack (Inside),Twins' Bayou Shack (Outside),Twins' Bayou Shack (Outside),Twins' Bayou Shack (Outside),Twins' Bayou Shack (Outside),Twins' Bayou Shack (Outside),Twins' Bayou Shack (Outside),Twins' Bayou Shack (Outside),Twins' Bayou Shack (Inside),Twins' Bayou Shack (Inside),Twins' Bayou Shack (Inside),Twins' Bayou Shack (Inside),Twins' Bayou Shack (Inside),Twins' Bayou Shack (Inside),Twins' Bayou Shack (Inside),Twins' Bayou Shack (Inside),Twins' Bayou Shack (Inside),Twins' Bayou Shack (Outside),Twins' Bayou Shack (Outside),Twins' Bayou Shack (Outside),Twins' Bayou Shack (Outside),Twins' Bayou Shack (Outside),Twins' Bayou Shack (Outside),Twins' Bayou Shack (Inside),Twins' Bayou Shack (Inside),Twins' Bayou Shack (Outside),Twins' Bayou Shack (Outside),Twins' Bayou Shack (Outside),Twins' Bayou Shack (Outside),Twins' Bayou Shack (Outside),Twins' Bayou Shack (Outside),Twins' Bayou Shack (Outside),Twins' Bayou Shack (Inside),Twins' Bayou Shack (Inside),Twins' Bayou Shack (Inside),Twins' Bayou Shack (Inside),Bayou,Twins' Bayou Shack (Inside),Twins' Bayou Shack (Inside),Twins' Bayou Shack (Inside),Twins' Bayou Shack (Inside),Twins' Bayou Shack (Outside),Bayou,Twins' Bayou Shack (Outside),Twins' Bayou Shack (Outside),Twins' Bayou Shack (Outside),Twins' Bayou Shack (Outside),Twins' Bayou Shack (Inside),Twins' Bayou Shack (Inside),Twins' Bayou Shack (Outside),Twins' Bayou Shack (Outside),Twins' Bayou Shack (Outside),Twins' Bayou Shack (Outside),Twins' Bayou Shack (Outside),Twins' Bayou Shack (Outside),Twins' Bayou Shack (Outside),Twins' Bayou Shack (Inside),Twins' Bayou Shack (Inside),Twins' Bayou Shack (Inside),Twins' Bayou Shack (Inside),Twins' Bayou Shack (Inside),Twins' Bayou Shack (Inside),Twins' Bayou Shack (Inside),Twins' Bayou Shack (Inside),Twins' Bayou Shack (Inside),Twins' Bayou Shack (Outside),Twins' Bayou Shack (Outside),Twins' Bayou Shack (Outside),Twins' Bayou Shack (Outside),Twins' Bayou Shack (Outside),Twins' Bayou Shack (Outside),Twins' Bayou Shack (Inside),Twins' Bayou Shack (Inside),Twins' Bayou Shack (Outside),Twins' Bayou Shack (Outside),Twins' Bayou Shack (Outside),Twins' Bayou Shack (Outside),Twins' Bayou Shack (Outside),Twins' Bayou Shack (Outside),Twins' Bayou Shack (Outside),Twins' Bayou Shack (Inside),Twins' Bayou Shack (Inside),Twins' Bayou Shack (Inside),Twins' Bayou Shack (Inside),Twins' Bayou Shack (Inside),Twins' Bayou Shack (Inside),Twins' Bayou Shack (Inside),Twins' Bayou Shack (Inside),Twins' Bayou Shack (Inside),Twins' Bayou Shack (Outside),Twins' Bayou Shack (Outside),Twins' Bayou Shack (Outside),Twins' Bayou Shack (Outside),Twins' Bayou Shack (Outside),Twins' Bayou Shack (Outside),Twins' Bayou Shack (Inside),Twins' Bayou Shack (Inside),Twins' Bayou Shack (Outside),Twins' Bayou Shack (Outside),Twins' Bayou Shack (Outside),Twins' Bayou Shack (Outside),Twins' Bayou Shack (Outside),Twins' Bayou Shack (Outside),Twins' Bayou Shack (Outside),Twins' Bayou Shack (Inside),Twins' Bayou Shack (Inside),Twins' Bayou Shack (Inside),Twins' Bayou Shack (Inside),Twins' Bayou Shack (Inside),Twins' Bayou Shack (Inside),Twins' Bayou Shack (Inside),Twins' Bayou Shack (Inside),Twins' Bayou Shack (Inside),Twins' Bayou Shack (Outside),Twins' Bayou Shack (Outside),Twins' Bayou Shack (Outside),Twins' Bayou Shack (Outside),Twins' Bayou Shack (Outside),Twins' Bayou Shack (Outside),Twins' Bayou Shack (Inside),Twins' Bayou Shack (Inside),Twins' Bayou Shack (Outside),Twins' Bayou Shack (Outside),Twins' Bayou Shack (Outside),Twins' Bayou Shack (Outside),Twins' Bayou Shack (Outside),Twins' Bayou Shack (Outside),Twins' Bayou Shack (Outside),Twins' Bayou Shack (Inside),Twins' Bayou Shack (Inside),Twins' Bayou Shack (Inside),Twins' Bayou Shack (Inside)
Crystal,Slice O' Life Pizza,Slice O' Life Pizza,Urbania,Urbania,Urbania,Urbania,Urbania,Urbania,Glasstown,Glasstown,Glasstown,Glasstown Megamall (1F),Glasstown Megamall (1F),Glasstown,Urbania,Urbania,Urbania,Urbania,Miniopolis Chronicle,Miniopolis Chronicle,Urbania,Urbania,Urbania,Urbania,Slice O' Life Pizza,Slice O' Life Pizza,Urbania,Urbania,Urbania,Urbania,Urbania,Urbania,Glasstown,Glasstown,Glasstown,Glasstown Megamall (2F),Glasstown Megamall (2F),Glasstown,Glasstown,Urbania,Urbania,Urbania,Miniopolis Chronicle,Miniopolis Chronicle,Urbania,Urbania,Urbania,Urbania,Slice O' Life Pizza,Slice O' Life Pizza,Urbania,Zeke's Zydeco Club,Zeke's Zydeco Club,Zeke's Zydeco Club,Zeke's Zydeco Club,Urbania,Glasstown,Glasstown,Glasstown,Glasstown Megamall (1F),Glasstown Megamall (1F),Glasstown,Urbania,Urbania,Urbania,Urbania,Miniopolis Chronicle,Miniopolis Chronicle,Urbania,Urbania,Urbania,Urbania,Urbania,Zeke's Zydeco Club,Zeke's Zydeco Club,Zeke's Zydeco Club,Zeke's Zydeco Club,Zeke's Zydeco Club,Zeke's Zydeco Club,Urbania,Glasstown,Glasstown,Glasstown,Glasstown Megamall (2F),Glasstown Megamall (2F),Glasstown,Glasstown,Urbania,Urbania,Urbania,Miniopolis Chronicle,Miniopolis Chronicle,Urbania,Urbania,Urbania,Urbania,Slice O' Life Pizza,Slice O' Life Pizza,Urbania,Urbania,Urbania,Urbania,Urbania,Urbania,Glasstown,Glasstown,Glasstown,Glasstown Megamall (1F),Glasstown Megamall (1F),Glasstown,Urbania,Urbania,Urbania,Urbania,Miniopolis Chronicle,Miniopolis Chronicle,Urbania,Urbania,Urbania,Urbania,Zeke's Zydeco Club,Zeke's Zydeco Club,Zeke's Zydeco Club,Zeke's Zydeco Club,Zeke's Zydeco Club,Sim Quarter,Urbania,Urbania,Glasstown,Glasstown,Glasstown,Glasstown Megamall (2F),Glasstown Megamall (2F),Glasstown,Glasstown,Urbania,Urbania,Urbania,Sim Quarter,Sim Quarter,Sim Quarter,Sim Quarter,Zeke's Zydeco Club,Zeke's Zydeco Club,Zeke's Zydeco Club,Zeke's Zydeco Club,Zeke's Zydeco Club,Zeke's Zydeco Club,Zeke's Zydeco Club,Sim Quarter,Urbania,Urbania,Glasstown,Glasstown,Glasstown,Glasstown Megamall (2F),Glasstown Megamall (2F),Glasstown,Glasstown,Glasstown,Urbania,Urbania,Sim Quarter,Sim Quarter,Sim Quarter,Sim Quarter,Zeke's Zydeco Club,Zeke's Zydeco Club
Daddy Bigbucks,Paradise Island,Sim Quarter (Nutria Island),Sim Quarter (Nutria Island),Sim Quarter (Nutria Island),Sim Quarter (Nutria Island),Sim Quarter (Nutria Island),Sim Quarter (Nutria Island),Sim Quarter (Nutria Island),Sim Quarter (Nutria Island),Sim Quarter (Nutria Island),Sim Quarter (Nutria Island),Paradise Island,Paradise Island,Paradise Island,Paradise Island,Paradise Island,Paradise Island,Paradise Island,Paradise Island,Paradise Island,Paradise Island,Paradise Island,Paradise Island,Paradise Island,Paradise Island,Sim Quarter (Nutria Island),Sim Quarter (Nutria Island),Sim Quarter (Nutria Island),Sim Quarter (Nutria Island),Sim Quarter (Nutria Island),Sim Quarter (Nutria Island),Sim Quarter (Nutria Island),Sim Quarter (Nutria Island),Sim Quarter (Nutria Island),Sim Quarter (Nutria Island),Paradise Island,Paradise Island,Paradise Island,Paradise Island,Paradise Island,Paradise Island,Paradise Island,Paradise Island,Paradise Island,Paradise Island,Paradise Island,Paradise Island,Paradise Island,Paradise Island,Sim Quarter (Nutria Island),Sim Quarter (Nutria Island),Sim Quarter (Nutria Island),Sim Quarter (Nutria Island),Sim Quarter (Nutria Island),Sim Quarter (Nutria Island),Sim Quarter (Nutria Island),Sim Quarter (Nutria Island),Sim Quarter (Nutria Island),Sim Quarter (Nutria Island),Paradise Island,Paradise Island,Paradise Island,Paradise Island,Paradise Island,Paradise Island,Paradise Island,Paradise Island,Paradise Island,Paradise Island,Paradise Island,Paradise Island,Paradise Island,Paradise Island,Sim Quarter (Nutria Island),Sim Quarter (Nutria Island),Sim Quarter (Nutria Island),Sim Quarter (Nutria Island),Sim Quarter (Nutria Island),Sim Quarter (Nutria Island),Sim Quarter (Nutria Island),Sim Quarter (Nutria Island),Sim Quarter (Nutria Island),Sim Quarter (Nutria Island),Moon Base Zeta,Moon Base Zeta,Moon Base Zeta,Moon Base Zeta,Moon Base Zeta,Moon Base Zeta,Moon Base Zeta,Moon Base Zeta,Moon Base Zeta,Moon Base Zeta,Moon Base Zeta,Moon Base Zeta,Moon Base Zeta,Moon Base Zeta,Moon Base Zeta,Moon Base Zeta,Sim Quarter (Nutria Island),Sim Quarter (Nutria Island),Sim Quarter (Nutria Island),Sim Quarter (Nutria Island),Sim Quarter (Nutria Island),Sim Quarter (Nutria Island),Sim Quarter (Nutria Island),Sim Quarter (Nutria Island),Paradise Island,Paradise Island,Paradise Island,Paradise Island,Paradise Island,Paradise Island,Paradise Island,Paradise Island,Paradise Island,Paradise Island,Paradise Island,Paradise Island,Paradise Island,Paradise Island,Sim Quarter (Nutria Island),Sim Quarter (Nutria Island),Sim Quarter (Nutria Island),Sim Quarter (Nutria Island),Sim Quarter (Nutria Island),Sim Quarter (Nutria Island),Sim Quarter (Nutria Island),Sim Quarter (Nutria Island),Sim Quarter (Nutria Island),Sim Quarter (Nutria Island),Paradise Island,Paradise Island,Paradise Island,Paradise Island,Paradise Island,Paradise Island,Paradise Island,Paradise Island,Paradise Island,Paradise Island,Paradise Island,Paradise Island,Paradise Island,Paradise Island,Sim Quarter (Nutria Island),Sim Quarter (Nutria Island),Sim Quarter (Nutria Island),Sim Quarter (Nutria Island),Sim Quarter (Nutria Island),Sim Quarter (Nutria Island),Sim Quarter (Nutria Island),Sim Quarter (Nutria Island),Sim Quarter (Nutria Island),Sim Quarter (Nutria Island),Paradise Island,Paradise Island,Paradise Island,Paradise Island,Paradise Island,Paradise Island,Paradise Island,Paradise Island,Paradise Island,Paradise Island,Paradise Island,Paradise Island,Paradise Island
Darius,Glasstown,Glasstown,Glasstown,Glasstown,Glasstown,Glasstown,Glasstown,Glasstown,Sim Quarter,Sim Quarter,Sim Quarter,Sim Quarter,Sim Quarter,Sim Quarter,Sim Quarter,Sim Quarter,Urbania,Urbania,Urbania,Urbania,Slice O' Life Pizza,Slice O' Life Pizza,Urbania,Urbania,Glasstown,Glasstown,Glasstown,Glasstown,Glasstown,Glasstown,Glasstown,Glasstown,Sim Quarter,Sim Quarter,Sim Quarter,Sim Quarter,Sim Quarter,Sim Quarter,Sim Quarter,Sim Quarter,Urbania,Urbania,Urbania,Urbania,Urbania,Urbania,Urbania,Urbania,Glasstown,Glasstown,Glasstown,Glasstown,Glasstown,Glasstown,Glasstown,Glasstown,Sim Quarter,Sim Quarter,Sim Quarter,Sim Quarter,Sim Quarter,Sim Quarter,Sim Quarter,Sim Quarter,Urbania,Urbania,Urbania,Urbania,Slice O' Life Pizza,Slice O' Life Pizza,Urbania,Urbania,Glasstown,Glasstown,Glasstown,Glasstown,Glasstown,Glasstown,Glasstown,Glasstown,Sim Quarter,Sim Quarter,Sim Quarter,Sim Quarter,Sim Quarter,Sim Quarter,Sim Quarter,Sim Quarter,Urbania,Urbania,Urbania,Urbania,Slice O' Life Pizza,Slice O' Life Pizza,Urbania,Urbania,Sim Quarter,Sim Quarter,Sim Quarter,Sim Quarter,Sim Quarter,Glasstown,Glasstown,Glasstown,Sim Quarter,Sim Quarter,Sim Quarter,Sim Quarter,Sim Quarter,Sim Quarter,Sim Quarter,Sim Quarter,Urbania,Urbania,Urbania,Urbania,Urbania,Urbania,Urbania,Urbania,Glasstown,Glasstown,Glasstown,Glasstown,Glasstown,Glasstown,Glasstown,Glasstown,Sim Quarter,Sim Quarter,Sim Quarter,Sim Quarter,Sim Quarter,Sim Quarter,Sim Quarter,Sim Quarter,Urbania,Glasstown,Glasstown,Glasstown,Glasstown,Glasstown,Glasstown,Glasstown,Glasstown,Glasstown,Glasstown,Glasstown,Glasstown,Glasstown,Glasstown,Glasstown,Sim Quarter,Sim Quarter,Sim Quarter,Sim Quarter,Sim Quarter,Sim Quarter,Sim Quarter,Sim Quarter,Urbania,Urbania,Urbania,Urbania,Slice O' Life Pizza,Slice O' Life Pizza,Urbania,Urbania
Detective Dan D. Mann,Jail,Urbania,Urbania,Urbania,Urbania,Urbania,Jail,Jail,Jail,Jail,Urbania,Sim Quarter,Crawfish Shack,Sim Quarter,Sim Quarter,Urbania,Jail,Jail,Jail,Jail,Urbania,Urbania,Urbania,Jail,Jail,Urbania,Urbania,Urbania,Urbania,Urbania,Jail,Jail,Jail,Jail,Urbania,Sim Quarter,Crawfish Shack,Sim Quarter,Sim Quarter,Urbania,Jail,Jail,Jail,Jail,Urbania,Urbania,Urbania,Jail,Jail,Urbania,Urbania,Urbania,Urbania,Urbania,Jail,Jail,Jail,Jail,Urbania,Sim Quarter,Crawfish Shack,Sim Quarter,Sim Quarter,Urbania,Jail,Jail,Jail,Jail,Urbania,Urbania,Urbania,Jail,Jail,Urbania,Urbania,Urbania,Urbania,Urbania,Jail,Jail,Jail,Jail,Urbania,Sim Quarter,Crawfish Shack,Sim Quarter,Sim Quarter,Glasstown,Glasstown,Sim Quarter,Urbania,Jail,Urbania,Urbania,Urbania,Jail,Jail,Urbania,Urbania,Urbania,Urbania,Urbania,Jail,Jail,Jail,Jail,Urbania,Sim Quarter,Crawfish Shack,Sim Quarter,Sim Quarter,Urbania,Jail,Jail,Jail,Jail,Urbania,Urbania,Urbania,Jail,Jail,Urbania,Urbania,Urbania,Urbania,Urbania,Jail,Jail,Jail,Jail,Urbania,Sim Quarter,Crawfish Shack,Sim Quarter,Sim Quarter,Glasstown,Glasstown,Sim Quarter,Urbania,Jail,Urbania,Urbania,Urbania,Jail,Jail,Urbania,Urbania,Urbania,Urbania,Urbania,Jail,Jail,Jail,Jail,Urbania,Sim Quarter,Crawfish Shack,Sim Quarter,Sim Quarter,Urbania,Jail,Jail,Jail,Jail,Urbania,Urbania,Urbania,Jail
Dusty Hogg,Chopper Garage,Chopper Garage,Chopper Garage,Urbania,Urbania,Urbania,UNAVAILABLE,UNAVAILABLE,UNAVAILABLE,Urbania,Urbania,Urbania,Urbania,Slice O' Life Pizza,Urbania,Chopper Garage,Chopper Garage,Chopper Garage,Chopper Garage,Urbania,Slice O' Life Pizza,Chopper Garage,Chopper Garage,Chopper Garage,Chopper Garage,Chopper Garage,Chopper Garage,Carnival,Carnival,Urbania,UNAVAILABLE,UNAVAILABLE,UNAVAILABLE,Urbania,Urbania,Urbania,Urbania,Slice O' Life Pizza,Urbania,Chopper Garage,Chopper Garage,Chopper Garage,Chopper Garage,Chopper Garage,Chopper Garage,Chopper Garage,Urbania,Urbania,Chopper Garage,Chopper Garage,Chopper Garage,Urbania,Miniopolis Hospital,Miniopolis Hospital,Miniopolis Hospital,Miniopolis Hospital,UNAVAILABLE,Urbania,Urbania,Urbania,Urbania,Slice O' Life Pizza,Urbania,Chopper Garage,Chopper Garage,Urbania,Chopper Garage,Chopper Garage,Urbania,Miniopolis Hospital,Miniopolis Hospital,Miniopolis Hospital,Chopper Garage,Chopper Garage,Chopper Garage,Urbania,Urbania,Urbania,UNAVAILABLE,UNAVAILABLE,UNAVAILABLE,Urbania,Urbania,Urbania,Urbania,Slice O' Life Pizza,Urbania,Chopper Garage,Chopper Garage,Chopper Garage,Chopper Garage,Chopper Garage,Carnival,Carnival,Carnival,Carnival,Chopper Garage,Chopper Garage,Chopper Garage,Jail,Jail,Jail,Jail,Urbania,Urbania,Urbania,Urbania,Urbania,Urbania,Slice O' Life Pizza,Urbania,Chopper Garage,Chopper Garage,Chopper Garage,Chopper Garage,Chopper Garage,Chopper Garage,Chopper Garage,Chopper Garage,Chopper Garage,Chopper Garage,Chopper Garage,Chopper Garage,Urbania,Urbania,Urbania,Urbania,Urbania,Urbania,Urbania,Urbania,Urbania,Urbania,Slice O' Life Pizza,Urbania,Chopper Garage,Chopper Garage,Urbania,Urbania,Chopper Garage,Chopper Garage,Chopper Garage,Chopper Garage,Chopper Garage,Chopper Garage,Chopper Garage,Chopper Garage,Urbania,Urbania,Urbania,Urbania,Urbania,Urbania,Urbania,Urbania,Urbania,Urbania,Slice O' Life Pizza,Urbania,Chopper Garage,Chopper Garage,Chopper Garage,Chopper Garage,Chopper Garage,Chopper Garage,Chopper Garage,Chopper Garage,Chopper Garage
Ephram Earl,Cemetery,Cemetery,Cemetery,UNAVAILABLE,UNAVAILABLE,UNAVAILABLE,Mausoleum,Mausoleum,Mausoleum,Mausoleum,Mausoleum,Mausoleum,Mausoleum,Mausoleum,Mausoleum,Mausoleum,Mausoleum,Mausoleum,Mausoleum,Mausoleum,Mausoleum,Cemetery,Cemetery,Cemetery,Cemetery,Cemetery,Cemetery,UNAVAILABLE,UNAVAILABLE,UNAVAILABLE,Mausoleum,Mausoleum,Mausoleum,Mausoleum,Mausoleum,Mausoleum,Mausoleum,Mausoleum,Mausoleum,Mausoleum,Mausoleum,Mausoleum,Mausoleum,Mausoleum,Mausoleum,Cemetery,Cemetery,Cemetery,Cemetery,Cemetery,Cemetery,UNAVAILABLE,UNAVAILABLE,UNAVAILABLE,Mausoleum,Mausoleum,Mausoleum,Mausoleum,Mausoleum,Mausoleum,Mausoleum,Mausoleum,Mausoleum,Mausoleum,Mausoleum,Mausoleum,Mausoleum,Mausoleum,Mausoleum,Cemetery,Cemetery,Cemetery,Cemetery,Cemetery,Cemetery,Cemetery,Mausoleum,Mausoleum,Mausoleum,Mausoleum,Mausoleum,Mausoleum,Mausoleum,Mausoleum,Mausoleum,Mausoleum,Mausoleum,Mausoleum,Mausoleum,Mausoleum,Mausoleum,Mausoleum,Mausoleum,Cemetery,Cemetery,Cemetery,Cemetery,Cemetery,Cemetery,Cemetery,Cemetery,Cemetery,Mausoleum,Mausoleum,Mausoleum,Mausoleum,Mausoleum,Mausoleum,Mausoleum,Mausoleum,Mausoleum,Mausoleum,Mausoleum,Cemetery,Cemetery,Cemetery,Cemetery,Cemetery,Cemetery,Cemetery,Cemetery,Cemetery,Cemetery,Cemetery,UNAVAILABLE,UNAVAILABLE,UNAVAILABLE,UNAVAILABLE,Mausoleum,Mausoleum,Mausoleum,Mausoleum,Mausoleum,Mausoleum,Mausoleum,Mausoleum,Mausoleum,Mausoleum,Mausoleum,Mausoleum,Mausoleum,Cemetery,Cemetery,Cemetery,Cemetery,Cemetery,Cemetery,Cemetery,Mausoleum,Mausoleum,Mausoleum,Mausoleum,Mausoleum,Mausoleum,Mausoleum,Mausoleum,Mausoleum,Mausoleum,Mausoleum,Mausoleum,Mausoleum,Mausoleum,Mausoleum,Mausoleum,Mausoleum,Mausoleum,Cemetery,Cemetery
Ewan Watahmee,Chopper Garage,Chopper Garage,Chopper Garage,UNAVAILABLE,UNAVAILABLE,UNAVAILABLE,Urbania,Urbania,Urbania,Urbania,Chopper Garage,Chopper Garage,Chopper Garage,Chopper Garage,Chopper Garage,Chopper Garage,Chopper Garage,Chopper Garage,Urbania,Urbania,Urbania,Urbania,Urbania,Urbania,Chopper Garage,Chopper Garage,Chopper Garage,UNAVAILABLE,UNAVAILABLE,UNAVAILABLE,Urbania,Urbania,Urbania,Urbania,Chopper Garage,Chopper Garage,Chopper Garage,Chopper Garage,Chopper Garage,Chopper Garage,Chopper Garage,Chopper Garage,Urbania,Urbania,Urbania,Urbania,Urbania,Urbania,Chopper Garage,Chopper Garage,Chopper Garage,UNAVAILABLE,UNAVAILABLE,UNAVAILABLE,Urbania,Urbania,Urbania,Urbania,Chopper Garage,Chopper Garage,Chopper Garage,Chopper Garage,Chopper Garage,Chopper Garage,Chopper Garage,Chopper Garage,Urbania,Urbania,Urbania,Urbania,Urbania,Urbania,Chopper Garage,Chopper Garage,Chopper Garage,UNAVAILABLE,UNAVAILABLE,UNAVAILABLE,Urbania,Urbania,Urbania,Urbania,Chopper Garage,Chopper Garage,Chopper Garage,Chopper Garage,Chopper Garage,Chopper Garage,Chopper Garage,Chopper Garage,Urbania,Urbania,Urbania,Urbania,Urbania,Urbania,Chopper Garage,Chopper Garage,Chopper Garage,UNAVAILABLE,UNAVAILABLE,UNAVAILABLE,Urbania,Urbania,Urbania,Urbania,Chopper Garage,Chopper Garage,Chopper Garage,Chopper Garage,Chopper Garage,Chopper Garage,Chopper Garage,Chopper Garage,Urbania,Urbania,Urbania,Urbania,Urbania,Urbania,Chopper Garage,Chopper Garage,Chopper Garage,UNAVAILABLE,UNAVAILABLE,UNAVAILABLE,UNAVAILABLE,UNAVAILABLE,Urbania,Urbania,Chopper Garage,Chopper Garage,Chopper Garage,Chopper Garage,Chopper Garage,Chopper Garage,Chopper Garage,Chopper Garage,Urbania,Urbania,Urbania,Urbania,Urbania,Urbania,Chopper Garage,Chopper Garage,Chopper Garage,UNAVAILABLE,UNAVAILABLE,UNAVAILABLE,UNAVAILABLE,UNAVAILABLE,Urbania,Urbania,Chopper Garage,Chopper Garage,Chopper Garage,Chopper Garage,Chopper Garage,Chopper Garage,Chopper Garage,Chopper Garage,Urbania,Urbania,Urbania,Urbania,Urbania,Urbania
Giuseppi Mezzoalto,Salty's Riverboat (Lounge),Salty's Riverboat (Lounge),Salty's Riverboat (Lounge),UNAVAILABLE,UNAVAILABLE,UNAVAILABLE,Salty's Riverboat (Outside),Salty's Riverboat (Outside),Sim Quarter,Sim Quarter,Miniopolis Chronicle,Urbania,Sim Quarter,Salty's Riverboat (Outside),Salty's Riverboat (Lounge),Salty's Riverboat (Lounge),Salty's Riverboat (Lounge),Salty's Riverboat (Lounge),Salty's Riverboat (Lounge),Salty's Riverboat (Lounge),Salty's Riverboat (Lounge),Salty's Riverboat (Outside),Salty's Riverboat (Outside),Salty's Riverboat (Lounge),Salty's Riverboat (Lounge),Salty's Riverboat (Lounge),Salty's Riverboat (Lounge),UNAVAILABLE,UNAVAILABLE,UNAVAILABLE,Salty's Riverboat (Outside),Salty's Riverboat (Outside),Sim Quarter,Urbania,Miniopolis Chronicle,Urbania,Sim Quarter,Salty's Riverboat (Outside),Salty's Riverboat (Lounge),Salty's Riverboat (Lounge),Salty's Riverboat (Lounge),Salty's Riverboat (Lounge),Salty's Riverboat (Outside),Salty's Riverboat (Outside),Salty's Riverboat (Lounge),Salty's Riverboat (Lounge),Salty's Riverboat (Lounge),Salty's Riverboat (Lounge),Salty's Riverboat (Lounge),Salty's Riverboat (Lounge),Salty's Riverboat (Lounge),UNAVAILABLE,UNAVAILABLE,Salty's Riverboat (Lounge),Salty's Riverboat (Lounge),Salty's Riverboat (Outside),Sim Quarter,Urbania,Miniopolis Chronicle,Miniopolis Chronicle,Miniopolis Chronicle,Urbania,Sim Quarter,Salty's Riverboat (Outside),Salty's Riverboat (Lounge),Salty's Riverboat (Lounge),Salty's Riverboat (Lounge),Salty's Riverboat (Outside),Salty's Riverboat (Lounge),Salty's Riverboat (Lounge),Salty's Riverboat (Lounge),Salty's Riverboat (Lounge),Salty's Riverboat (Lounge),Salty's Riverboat (Lounge),Salty's Riverboat (Lounge),UNAVAILABLE,UNAVAILABLE,Salty's Riverboat (Lounge),Salty's Riverboat (Lounge),Salty's Riverboat (Outside),Sim Quarter,Urbania,Miniopolis Chronicle,Miniopolis Chronicle,Miniopolis Chronicle,Urbania,Sim Quarter,Salty's Riverboat (Outside),Salty's Riverboat (Lounge),Salty's Riverboat (Lounge),Salty's Riverboat (Lounge),Salty's Riverboat (Outside),Salty's Riverboat (Lounge),Salty's Riverboat (Lounge),Salty's Riverboat (Lounge),Salty's Riverboat (Lounge),Salty's Riverboat (Lounge),Salty's Riverboat (Lounge),Salty's Riverboat (Lounge),UNAVAILABLE,UNAVAILABLE,Salty's Riverboat (Lounge),Salty's Riverboat (Lounge),Salty's Riverboat (Outside),Sim Quarter,Urbania,Miniopolis Chronicle,Miniopolis Chronicle,Miniopolis Chronicle,Urbania,Sim Quarter,Salty's Riverboat (Outside),Salty's Riverboat (Lounge),Salty's Riverboat (Lounge),Salty's Riverboat (Lounge),Salty's Riverboat (Outside),Salty's Riverboat (Lounge),Salty's Riverboat (Lounge),Salty's Riverboat (Lounge),Salty's Riverboat (Lounge),Salty's Riverboat (Lounge),Salty's Riverboat (Lounge),Salty's Riverboat (Lounge),UNAVAILABLE,UNAVAILABLE,Salty's Riverboat (Lounge),Salty's Riverboat (Lounge),Salty's Riverboat (Outside),Sim Quarter,Urbania,Urbania,Miniopolis Chronicle,Miniopolis Chronicle,Urbania,Sim Quarter,Salty's Riverboat (Outside),Salty's Riverboat (Outside),Salty's Riverboat (Lounge),Salty's Riverboat (Lounge),Salty's Riverboat (Outside),Salty's Riverboat (Outside),Salty's Riverboat (Lounge),Salty's Riverboat (Lounge),Salty's Riverboat (Outside),Salty's Riverboat (Lounge),Salty's Riverboat (Lounge),Salty's Riverboat (Lounge),UNAVAILABLE,UNAVAILABLE,Salty's Riverboat (Lounge),Salty's Riverboat (Lounge),Salty's Riverboat (Outside),Sim Quarter,Urbania,Jail,Jail (Hoopz Court),Jail (Hoopz Court),Jail,Urbania,Sim Quarter,Salty's Riverboat (Outside),Salty's Riverboat (Lounge),Salty's Riverboat (Lounge),Salty's Riverboat (Outside),Salty's Riverboat (Outside),Salty's Riverboat (Lounge),Salty's Riverboat (Lounge),Salty's Riverboat (Lounge)
Gramma Hattie,UNAVAILABLE,UNAVAILABLE,UNAVAILABLE,UNAVAILABLE,UNAVAILABLE,UNAVAILABLE,Fortune Teller's Shop,Sim Quarter,Sim Quarter,Sim Quarter,Urbania,Urbania,Urbania,Urbania,Urbania,Urbania,Slice O' Life Pizza,Slice O' Life Pizza,Slice O' Life Pizza,Urbania,Urbania,Urbania,Urbania,UNAVAILABLE,UNAVAILABLE,UNAVAILABLE,UNAVAILABLE,UNAVAILABLE,UNAVAILABLE,UNAVAILABLE,Fortune Teller's Shop,Fortune Teller's Shop,Sim Quarter,Sim Quarter,Urbania,Urbania,Urbania,Urbania,Urbania,Urbania,Slice O' Life Pizza,Slice O' Life Pizza,Slice O' Life Pizza,Urbania,Urbania,Urbania,Urbania,UNAVAILABLE,UNAVAILABLE,UNAVAILABLE,UNAVAILABLE,UNAVAILABLE,UNAVAILABLE,UNAVAILABLE,Fortune Teller's Shop,Sim Quarter,Sim Quarter,Sim Quarter,Urbania,Urbania,Urbania,Urbania,Urbania,Urbania,Miniopolis Hospital,Miniopolis Hospital,Miniopolis Hospital,Urbania,Urbania,Urbania,UNAVAILABLE,UNAVAILABLE,UNAVAILABLE,UNAVAILABLE,UNAVAILABLE,UNAVAILABLE,UNAVAILABLE,UNAVAILABLE,Fortune Teller's Shop,Sim Quarter,Sim Quarter,Sim Quarter,Urbania,Urbania,Urbania,Urbania,Urbania,Urbania,Slice O' Life Pizza,Slice O' Life Pizza,Slice O' Life Pizza,Urbania,Urbania,Urbania,Urbania,Urbania,Urbania,Urbania,UNAVAILABLE,UNAVAILABLE,UNAVAILABLE,UNAVAILABLE,Fortune Teller's Shop,Sim Quarter,Sim Quarter,Sim Quarter,Urbania,Urbania,Urbania,Urbania,Urbania,Urbania,Miniopolis Hospital,Miniopolis Hospital,Miniopolis Hospital,Urbania,Slice O' Life Pizza,Urbania,Urbania,Urbania,UNAVAILABLE,UNAVAILABLE,UNAVAILABLE,UNAVAILABLE,UNAVAILABLE,UNAVAILABLE,Fortune Teller's Shop,Fortune Teller's Shop,Sim Quarter,Sim Quarter,Urbania,Urbania,Urbania,Urbania,Urbania,Urbania,Slice O' Life Pizza,Slice O' Life Pizza,Slice O' Life Pizza,Urbania,Urbania,Urbania,Urbania,UNAVAILABLE,UNAVAILABLE,UNAVAILABLE,UNAVAILABLE,UNAVAILABLE,UNAVAILABLE,UNAVAILABLE,Fortune Teller's Shop,Sim Quarter,Sim Quarter,Sim Quarter,Urbania,Urbania,Urbania,Urbania,Urbania,Urbania,Slice O' Life Pizza,Slice O' Life Pizza,Slice O' Life Pizza,Urbania,Urbania,Urbania,Urbania,UNAVAILABLE
Harlan King,UNAVAILABLE,UNAVAILABLE,UNAVAILABLE,UNAVAILABLE,UNAVAILABLE,UNAVAILABLE,UNAVAILABLE,UNAVAILABLE,UNAVAILABLE,UNAVAILABLE,UNAVAILABLE,UNAVAILABLE,UNAVAILABLE,UNAVAILABLE,UNAVAILABLE,UNAVAILABLE,UNAVAILABLE,UNAVAILABLE,UNAVAILABLE,UNAVAILABLE,UNAVAILABLE,UNAVAILABLE,UNAVAILABLE,UNAVAILABLE,UNAVAILABLE,UNAVAILABLE,UNAVAILABLE,UNAVAILABLE,UNAVAILABLE,UNAVAILABLE,UNAVAILABLE,UNAVAILABLE,UNAVAILABLE,UNAVAILABLE,UNAVAILABLE,UNAVAILABLE,UNAVAILABLE,UNAVAILABLE,UNAVAILABLE,UNAVAILABLE,UNAVAILABLE,UNAVAILABLE,UNAVAILABLE,UNAVAILABLE,UNAVAILABLE,UNAVAILABLE,UNAVAILABLE,UNAVAILABLE,UNAVAILABLE,UNAVAILABLE,UNAVAILABLE,UNAVAILABLE,UNAVAILABLE,UNAVAILABLE,UNAVAILABLE,UNAVAILABLE,UNAVAILABLE,UNAVAILABLE,UNAVAILABLE,UNAVAILABLE,UNAVAILABLE,UNAVAILABLE,UNAVAILABLE,UNAVAILABLE,UNAVAILABLE,UNAVAILABLE,UNAVAILABLE,UNAVAILABLE,UNAVAILABLE,UNAVAILABLE,UNAVAILABLE,UNAVAILABLE,UNAVAILABLE,UNAVAILABLE,UNAVAILABLE,UNAVAILABLE,UNAVAILABLE,UNAVAILABLE,UNAVAILABLE,UNAVAILABLE,UNAVAILABLE,UNAVAILABLE,UNAVAILABLE,UNAVAILABLE,UNAVAILABLE,UNAVAILABLE,UNAVAILABLE,UNAVAILABLE,UNAVAILABLE,UNAVAILABLE,UNAVAILABLE,UNAVAILABLE,UNAVAILABLE,UNAVAILABLE,UNAVAILABLE,UNAVAILABLE,UNAVAILABLE,UNAVAILABLE,UNAVAILABLE,UNAVAILABLE,UNAVAILABLE,UNAVAILABLE,UNAVAILABLE,UNAVAILABLE,UNAVAILABLE,UNAVAILABLE,UNAVAILABLE,UNAVAILABLE,UNAVAILABLE,UNAVAILABLE,UNAVAILABLE,UNAVAILABLE,UNAVAILABLE,UNAVAILABLE,UNAVAILABLE,UNAVAILABLE,UNAVAILABLE,UNAVAILABLE,UNAVAILABLE,UNAVAILABLE,UNAVAILABLE,UNAVAILABLE,UNAVAILABLE,UNAVAILABLE,UNAVAILABLE,UNAVAILABLE,UNAVAILABLE,UNAVAILABLE,UNAVAILABLE,UNAVAILABLE,UNAVAILABLE,UNAVAILABLE,UNAVAILABLE,UNAVAILABLE,UNAVAILABLE,UNAVAILABLE,UNAVAILABLE,UNAVAILABLE,UNAVAILABLE,UNAVAILABLE,UNAVAILABLE,UNAVAILABLE,UNAVAILABLE,UNAVAILABLE,UNAVAILABLE,UNAVAILABLE,UNAVAILABLE,UNAVAILABLE,UNAVAILABLE,UNAVAILABLE,UNAVAILABLE,UNAVAILABLE,UNAVAILABLE,UNAVAILABLE,UNAVAILABLE,UNAVAILABLE,UNAVAILABLE,UNAVAILABLE,UNAVAILABLE,UNAVAILABLE,UNAVAILABLE,UNAVAILABLE,UNAVAILABLE,UNAVAILABLE,UNAVAILABLE,UNAVAILABLE,UNAVAILABLE,UNAVAILABLE
Kris Thistle,King Tower (Lobby),King Tower (Lobby),King Tower (Law Offices),King Tower (Law Offices),King Tower (Waters' Gym),King Tower (Waters' Gym),King Tower (Waters' Gym),King Tower (Lobby),King Tower (Lobby),King Tower (Lobby),King Tower (Law Offices),King Tower (Law Offices),King Tower (Law Offices),King Tower (Executive Office),King Tower (Executive Office),King Tower (Executive Office),King Tower (Roof),King Tower (Roof),King Tower (Roof),King Tower (Law Offices),King Tower (Law Offices),King Tower (Law Offices),King Tower (Lobby),King Tower (Lobby),King Tower (Lobby),King Tower (Lobby),King Tower (Law Offices),King Tower (Law Offices),King Tower (Waters' Gym),King Tower (Waters' Gym),King Tower (Waters' Gym),King Tower (Lobby),King Tower (Lobby),King Tower (Lobby),King Tower (Law Offices),King Tower (Law Offices),King Tower (Law Offices),King Tower (Executive Office),King Tower (Executive Office),King Tower (Executive Office),King Tower (Roof),King Tower (Roof),King Tower (Roof),King Tower (Law Offices),King Tower (Law Offices),King Tower (Law Offices),King Tower (Lobby),King Tower (Lobby),King Tower (Lobby),King Tower (Lobby),King Tower (Law Offices),King Tower (Law Offices),King Tower (Waters' Gym),King Tower (Waters' Gym),King Tower (Waters' Gym),King Tower (Lobby),King Tower (Lobby),King Tower (Lobby),King Tower (Law Offices),King Tower (Law Offices),King Tower (Law Offices),King Tower (Executive Office),King Tower (Executive Office),King Tower (Executive Office),King Tower (Roof),King Tower (Roof),King Tower (Roof),King Tower (Law Offices),King Tower (Law Offices),King Tower (Law Offices),King Tower (Lobby),King Tower (Lobby),King Tower (Lobby),King Tower (Lobby),King Tower (Law Offices),King Tower (Law Offices),King Tower (Waters' Gym),King Tower (Waters' Gym),King Tower (Waters' Gym),King Tower (Lobby),King Tower (Lobby),King Tower (Lobby),King Tower (Law Offices),King Tower (Law Offices),King Tower (Law Offices),King Tower (Executive Office),King Tower (Executive Office),King Tower (Executive Office),King Tower (Roof),King Tower (Roof),King Tower (Roof),King Tower (Law Offices),King Tower (Law Offices),King Tower (Law Offices),King Tower (Lobby),King Tower (Lobby),King Tower (Lobby),King Tower (Lobby),King Tower (Law Offices),King Tower (Law Offices),King Tower (Waters' Gym),King Tower (Waters' Gym),King Tower (Waters' Gym),King Tower (Lobby),King Tower (Lobby),King Tower (Lobby),King Tower (Law Offices),King Tower (Law Offices),King Tower (Law Offices),King Tower (Executive Office),King Tower (Executive Office),King Tower (Executive Office),King Tower (Roof),King Tower (Roof),King Tower (Roof),King Tower (Law Offices),King Tower (Law Offices),King Tower (Law Offices),King Tower (Lobby),King Tower (Lobby),King Tower (Lobby),King Tower (Lobby),King Tower (Law Offices),King Tower (Law Offices),King Tower (Waters' Gym),King Tower (Waters' Gym),King Tower (Waters' Gym),King Tower (Lobby),Glasstown,Glasstown,Glasstown,Cinema d'Urbania (Theater),Cinema d'Urbania (Theater),Cinema d'Urbania (Theater),Glasstown,Glasstown,Glasstown,King Tower (Lobby),King Tower (Roof),King Tower (Roof),King Tower (Law Offices),King Tower (Law Offices),King Tower (Lobby),King Tower (Lobby),King Tower (Lobby),King Tower (Lobby),King Tower (Law Offices),King Tower (Law Offices),King Tower (Waters' Gym),King Tower (Waters' Gym),King Tower (Waters' Gym),King Tower (Lobby),King Tower (Lobby),King Tower (Lobby),King Tower (Law Offices),King Tower (Law Offices),King Tower (Law Offices),King Tower (Executive Office),King Tower (Executive Office),King Tower (Executive Office),King Tower (Roof),King Tower (Roof),King Tower (Roof),King Tower (Law Offices),King Tower (Law Offices),King Tower (Law Offices),King Tower (Lobby),King Tower (Lobby)
Lily Gates,Sim Quarter,Sim Quarter,UNAVAILABLE,UNAVAILABLE,UNAVAILABLE,UNAVAILABLE,Sim Quarter,King Tower (Lobby),King Tower (Lobby),King Tower (Lobby),King Tower (Lobby),King Tower (Lobby),Sim Quarter,Sim Quarter,King Tower (Lobby),King Tower (Lobby),King Tower (Law Offices),King Tower (Law Offices),King Tower (Law Offices),King Tower (Law Offices),King Tower (Law Offices),King Tower (Law Offices),Sim Quarter,Sim Quarter,Sim Quarter,Sim Quarter,UNAVAILABLE,UNAVAILABLE,UNAVAILABLE,UNAVAILABLE,Sim Quarter,King Tower (Lobby),King Tower (Lobby),King Tower (Lobby),King Tower (Lobby),King Tower (Lobby),Sim Quarter,Sim Quarter,King Tower (Lobby),King Tower (Lobby),King Tower (Law Offices),King Tower (Law Offices),King Tower (Law Offices),King Tower (Law Offices),King Tower (Law Offices),King Tower (Law Offices),Sim Quarter,Sim Quarter,Sim Quarter,Sim Quarter,UNAVAILABLE,UNAVAILABLE,UNAVAILABLE,UNAVAILABLE,Sim Quarter,King Tower (Lobby),King Tower (Lobby),King Tower (Lobby),King Tower (Lobby),King Tower (Lobby),Sim Quarter,Sim Quarter,King Tower (Lobby),King Tower (Lobby),King Tower (Law Offices),King Tower (Law Offices),King Tower (Law Offices),King Tower (Law Offices),King Tower (Law Offices),King Tower (Law Offices),Sim Quarter,Sim Quarter,Sim Quarter,UNAVAILABLE,UNAVAILABLE,UNAVAILABLE,UNAVAILABLE,UNAVAILABLE,Sim Quarter,King Tower (Lobby),King Tower (Lobby),King Tower (Lobby),King Tower (Lobby),King Tower (Lobby),Sim Quarter,Sim Quarter,King Tower (Lobby),King Tower (Lobby),King Tower (Law Offices),King Tower (Law Offices),King Tower (Law Offices),King Tower (Law Offices),King Tower (Law Offices),King Tower (Law Offices),Sim Quarter,Sim Quarter,Sim Quarter,King Tower (Lobby),King Tower (Lobby),King Tower (Lobby),King Tower (Lobby),Sim Quarter,Sim Quarter,King Tower (Lobby),King Tower (Lobby),King Tower (Lobby),King Tower (Lobby),King Tower (Lobby),Sim Quarter,Sim Quarter,King Tower (Lobby),King Tower (Lobby),King Tower (Law Offices),King Tower (Law Offices),King Tower (Law Offices),King Tower (Law Offices),King Tower (Law Offices),King Tower (Law Offices),Sim Quarter,Sim Quarter,Sim Quarter,UNAVAILABLE,UNAVAILABLE,UNAVAILABLE,UNAVAILABLE,UNAVAILABLE,Sim Quarter,King Tower (Lobby),King Tower (Lobby),King Tower (Lobby),King Tower (Lobby),King Tower (Lobby),Sim Quarter,Sim Quarter,King Tower (Lobby),King Tower (Lobby),King Tower (Lobby),King Tower (Law Offices),King Tower (Law Offices),King Tower (Law Offices),King Tower (Law Offices),King Tower (Law Offices),Sim Quarter,Sim Quarter,Sim Quarter,Sim Quarter,UNAVAILABLE,UNAVAILABLE,UNAVAILABLE,UNAVAILABLE,Sim Quarter,King Tower (Lobby),King Tower (Lobby),King Tower (Lobby),King Tower (Lobby),King Tower (Lobby),Sim Quarter,Sim Quarter,King Tower (Lobby),King Tower (Lobby),King Tower (Law Offices),King Tower (Law Offices),King Tower (Law Offices),King Tower (Law Offices),King Tower (Law Offices),King Tower (Law Offices),Sim Quarter,Sim Quarter
Lincoln Broadsheet,Urbania,UNAVAILABLE,UNAVAILABLE,UNAVAILABLE,UNAVAILABLE,Urbania,Miniopolis Chronicle,Miniopolis Chronicle,Miniopolis Chronicle,Miniopolis Chronicle,Miniopolis Chronicle,Urbania,Miniopolis University,Urbania,Miniopolis Chronicle,Miniopolis Chronicle,Miniopolis Chronicle,Miniopolis Chronicle,Miniopolis Chronicle,Miniopolis Chronicle,Miniopolis Chronicle,Miniopolis Chronicle,Miniopolis Chronicle,Urbania,Urbania,UNAVAILABLE,UNAVAILABLE,UNAVAILABLE,UNAVAILABLE,Urbania,Miniopolis Chronicle,Miniopolis Chronicle,Miniopolis Chronicle,Miniopolis Chronicle,Miniopolis Chronicle,Urbania,Miniopolis University,Urbania,Miniopolis Chronicle,Miniopolis Chronicle,Miniopolis Chronicle,Miniopolis Chronicle,Miniopolis Chronicle,Miniopolis Chronicle,Miniopolis Chronicle,Miniopolis Chronicle,Miniopolis Chronicle,Urbania,Urbania,UNAVAILABLE,UNAVAILABLE,UNAVAILABLE,UNAVAILABLE,Urbania,Miniopolis Chronicle,Miniopolis Chronicle,Miniopolis Chronicle,Miniopolis Chronicle,Miniopolis Chronicle,Urbania,Urbania,Miniopolis Chronicle,Miniopolis Chronicle,Miniopolis Chronicle,Miniopolis Chronicle,Miniopolis Chronicle,Miniopolis Chronicle,Miniopolis Chronicle,Miniopolis Chronicle,Miniopolis Chronicle,Miniopolis Chronicle,Urbania,Urbania,UNAVAILABLE,UNAVAILABLE,UNAVAILABLE,UNAVAILABLE,Urbania,Miniopolis Chronicle,Miniopolis Chronicle,Miniopolis Chronicle,Miniopolis Chronicle,Miniopolis Chronicle,Urbania,Urbania,Miniopolis Chronicle,Miniopolis Chronicle,Miniopolis Chronicle,Urbania,Miniopolis University,Miniopolis University,Miniopolis University,Urbania,Miniopolis Chronicle,Miniopolis Chronicle,Urbania,Urbania,UNAVAILABLE,UNAVAILABLE,UNAVAILABLE,UNAVAILABLE,Urbania,Miniopolis Chronicle,Miniopolis Chronicle,Miniopolis Chronicle,Miniopolis Chronicle,Miniopolis Chronicle,Urbania,Urbania,Miniopolis Chronicle,Miniopolis Chronicle,Miniopolis Chronicle,Miniopolis Chronicle,Miniopolis Chronicle,Miniopolis Chronicle,Miniopolis Chronicle,Miniopolis Chronicle,Miniopolis Chronicle,Miniopolis Chronicle,Urbania,Urbania,UNAVAILABLE,UNAVAILABLE,UNAVAILABLE,UNAVAILABLE,Urbania,Miniopolis Chronicle,Miniopolis Chronicle,Urbania,Urbania,Urbania,Slice O' Life Pizza,Slice O' Life Pizza,Urbania,Urbania,Urbania,Urbania,Slice O' Life Pizza,Urbania,Miniopolis Chronicle,Miniopolis Chronicle,Miniopolis Chronicle,Urbania,Urbania,Urbania,UNAVAILABLE,UNAVAILABLE,UNAVAILABLE,UNAVAILABLE,Urbania,Miniopolis Chronicle,Miniopolis Chronicle,Urbania,Urbania,Urbania,Slice O' Life Pizza,Urbania,Miniopolis Chronicle,Miniopolis Chronicle,Urbania,Urbania,Slice O' Life Pizza,Urbania,Miniopolis Chronicle,Miniopolis Chronicle,Miniopolis Chronicle,Miniopolis Chronicle,Urbania
Lottie Cash,Urbania,Urbania,UNAVAILABLE,UNAVAILABLE,UNAVAILABLE,UNAVAILABLE,Urbania,Urbania,Urbania,Urbania,Slice O' Life Pizza,Slice O' Life Pizza,Slice O' Life Pizza,Urbania,Glasstown,Glasstown,Glasstown Megamall (1F),Glasstown Megamall (2F),Glasstown Megamall (2F),Glasstown Megamall (1F),Glasstown,Glasstown,Urbania,Urbania,Urbania,Urbania,UNAVAILABLE,UNAVAILABLE,UNAVAILABLE,UNAVAILABLE,Urbania,Urbania,Urbania,Urbania,Slice O' Life Pizza,Slice O' Life Pizza,Slice O' Life Pizza,Urbania,Glasstown,Glasstown,Glasstown Megamall (1F),Glasstown Megamall (2F),Glasstown Megamall (2F),Glasstown Megamall (1F),Glasstown,Glasstown,Urbania,Urbania,Zeke's Zydeco Club,Zeke's Zydeco Club,UNAVAILABLE,UNAVAILABLE,UNAVAILABLE,UNAVAILABLE,Urbania,Urbania,Urbania,Urbania,Slice O' Life Pizza,Slice O' Life Pizza,Slice O' Life Pizza,Urbania,Glasstown,Glasstown,Sim Quarter,Sim Quarter,Sim Quarter,Sim Quarter,Zeke's Zydeco Club,Zeke's Zydeco Club,Zeke's Zydeco Club,Zeke's Zydeco Club,Urbania,Urbania,UNAVAILABLE,UNAVAILABLE,UNAVAILABLE,UNAVAILABLE,Urbania,Urbania,Urbania,Urbania,Slice O' Life Pizza,Slice O' Life Pizza,Slice O' Life Pizza,Urbania,Glasstown,Glasstown,Glasstown Megamall (1F),Glasstown Megamall (2F),Glasstown Megamall (2F),Glasstown Megamall (1F),Glasstown,Glasstown,Urbania,Urbania,Zeke's Zydeco Club,Zeke's Zydeco Club,UNAVAILABLE,UNAVAILABLE,UNAVAILABLE,UNAVAILABLE,Urbania,Urbania,Urbania,Urbania,Slice O' Life Pizza,Slice O' Life Pizza,Slice O' Life Pizza,Urbania,Glasstown,Glasstown,Sim Quarter,Sim Quarter,Sim Quarter,Sim Quarter,Zeke's Zydeco Club,Zeke's Zydeco Club,Zeke's Zydeco Club,Zeke's Zydeco Club,Zeke's Zydeco Club,Zeke's Zydeco Club,UNAVAILABLE,UNAVAILABLE,UNAVAILABLE,UNAVAILABLE,UNAVAILABLE,UNAVAILABLE,UNAVAILABLE,Urbania,Slice O' Life Pizza,Slice O' Life Pizza,Slice O' Life Pizza,Urbania,Glasstown,Glasstown,Sim Quarter,Urbania,Slice O' Life Pizza,Sim Quarter,Zeke's Zydeco Club,Zeke's Zydeco Club,Zeke's Zydeco Club,Zeke's Zydeco Club,Urbania,Urbania,UNAVAILABLE,UNAVAILABLE,UNAVAILABLE,UNAVAILABLE,UNAVAILABLE,UNAVAILABLE,UNAVAILABLE,Urbania,Slice O' Life Pizza,Slice O' Life Pizza,Slice O' Life Pizza,Urbania,Glasstown,Glasstown,Glasstown Megamall (1F),Glasstown Megamall (2F),Glasstown Megamall (2F),Glasstown Megamall (1F),Glasstown,Glasstown,Urbania,Urbania
Luthor L. Bigbucks,UNAVAILABLE,UNAVAILABLE,UNAVAILABLE,UNAVAILABLE,UNAVAILABLE,UNAVAILABLE,Coffee Shop,Coffee Shop,Sim Quarter,Sim Quarter,Sim Quarter,Sim Quarter,Caf Multiplaya,Caf Multiplaya,Caf Multiplaya,Sim Quarter,Sim Quarter,Sim Quarter,Sim Quarter,Sim Quarter,Sim Quarter,Sim Quarter,Sim Quarter,Sim Quarter,UNAVAILABLE,UNAVAILABLE,Paradise Island,Paradise Island,Paradise Island,Paradise Island,Coffee Shop,Coffee Shop,Sim Quarter,Sim Quarter,Sim Quarter,Sim Quarter,Caf Multiplaya,Caf Multiplaya,Caf Multiplaya,Sim Quarter,Sim Quarter,Sim Quarter,Sim Quarter,Sim Quarter,Urbania,Chopper Garage,Chopper Garage,Chopper Garage,Coffee Shop,Coffee Shop,Coffee Shop,Sim Quarter,Sim Quarter,Sim Quarter,Coffee Shop,Coffee Shop,Sim Quarter,Sim Quarter,Sim Quarter,Sim Quarter,Sim Quarter,Urbania,Chopper Garage,Chopper Garage,Glasstown,Cinema d'Urbania (Lobby),Cinema d'Urbania (Lobby),Cinema d'Urbania (Lobby),Glasstown,Coffee Shop,Coffee Shop,Coffee Shop,Coffee Shop,Coffee Shop,Coffee Shop,Sim Quarter,Sim Quarter,Sim Quarter,Coffee Shop,Coffee Shop,Sim Quarter,Sim Quarter,Sim Quarter,Sim Quarter,Caf Multiplaya,Caf Multiplaya,Caf Multiplaya,Sim Quarter,Sim Quarter,Sim Quarter,Sim Quarter,Sim Quarter,Sim Quarter,Coffee Shop,Coffee Shop,Coffee Shop,Coffee Shop,Coffee Shop,Coffee Shop,Sim Quarter,Sim Quarter,Sim Quarter,Coffee Shop,Coffee Shop,Glasstown,Cinema d'Urbania (Lobby),Cinema d'Urbania (Lobby),Cinema d'Urbania (Lobby),Glasstown,Sim Quarter,Sim Quarter,Sim Quarter,Sim Quarter,Sim Quarter,Sim Quarter,Sim Quarter,Urbania,Chopper Garage,Chopper Garage,Chopper Garage,Coffee Shop,Coffee Shop,Sim Quarter,Sim Quarter,Sim Quarter,Sim Quarter,Coffee Shop,Coffee Shop,Sim Quarter,Sim Quarter,Sim Quarter,Caf Multiplaya,Caf Multiplaya,Caf Multiplaya,Caf Multiplaya,Sim Quarter,Sim Quarter,Sim Quarter,Sim Quarter,Sim Quarter,Coffee Shop,Coffee Shop,Moon Base Zeta,Moon Base Zeta,Moon Base Zeta,Moon Base Zeta,Moon Base Zeta,Moon Base Zeta,Moon Base Zeta,Moon Base Zeta,Paradise Island,Paradise Island,Paradise Island,Paradise Island,Paradise Island,Paradise Island,Paradise Island,Paradise Island,Paradise Island,Paradise Island,Paradise Island,Paradise Island,Paradise Island,Paradise Island,Paradise Island,Sim Quarter,Sim Quarter,Sim Quarter
Mambo Loa,Fortune Teller's Shop,Fortune Teller's Shop,Fortune Teller's Shop,UNAVAILABLE,UNAVAILABLE,UNAVAILABLE,UNAVAILABLE,UNAVAILABLE,Fortune Teller's Shop,Sim Quarter,Crawfish Shack,Crawfish Shack,Sim Quarter,Fortune Teller's Shop,Fortune Teller's Shop,Fortune Teller's Shop,Fortune Teller's Shop,Fortune Teller's Shop,Fortune Teller's Shop,Crawfish Shack,Crawfish Shack,Fortune Teller's Shop,Fortune Teller's Shop,Fortune Teller's Shop,Fortune Teller's Shop,Fortune Teller's Shop,Fortune Teller's Shop,UNAVAILABLE,UNAVAILABLE,UNAVAILABLE,UNAVAILABLE,UNAVAILABLE,Fortune Teller's Shop,Fortune Teller's Shop,Sim Quarter,Crawfish Shack,Crawfish Shack,Sim Quarter,Fortune Teller's Shop,Fortune Teller's Shop,Fortune Teller's Shop,Fortune Teller's Shop,Fortune Teller's Shop,Crawfish Shack,Crawfish Shack,Fortune Teller's Shop,Fortune Teller's Shop,Fortune Teller's Shop,Fortune Teller's Shop,Fortune Teller's Shop,Fortune Teller's Shop,UNAVAILABLE,UNAVAILABLE,UNAVAILABLE,UNAVAILABLE,Fortune Teller's Shop,Fortune Teller's Shop,Fortune Teller's Shop,Sim Quarter,Crawfish Shack,Crawfish Shack,Sim Quarter,Crawfish Shack,Fortune Teller's Shop,Fortune Teller's Shop,Fortune Teller's Shop,Fortune Teller's Shop,Crawfish Shack,Crawfish Shack,Fortune Teller's Shop,Fortune Teller's Shop,Fortune Teller's Shop,Bayou,Bayou,Bayou,Cemetery,Sim Quarter,Fortune Teller's Shop,Fortune Teller's Shop,Fortune Teller's Shop,Fortune Teller's Shop,Sim Quarter,Crawfish Shack,Crawfish Shack,Crawfish Shack,Sim Quarter,Fortune Teller's Shop,Fortune Teller's Shop,Fortune Teller's Shop,Fortune Teller's Shop,Crawfish Shack,Crawfish Shack,Fortune Teller's Shop,Sim Quarter,Cemetery,Bayou,Sim Quarter,Fortune Teller's Shop,UNAVAILABLE,UNAVAILABLE,UNAVAILABLE,UNAVAILABLE,UNAVAILABLE,Fortune Teller's Shop,Fortune Teller's Shop,Sim Quarter,Crawfish Shack,Crawfish Shack,Sim Quarter,Fortune Teller's Shop,Fortune Teller's Shop,Fortune Teller's Shop,Fortune Teller's Shop,Fortune Teller's Shop,Fortune Teller's Shop,Sim Quarter,Cemetery,Cemetery,Cemetery,Cemetery,UNAVAILABLE,UNAVAILABLE,UNAVAILABLE,UNAVAILABLE,UNAVAILABLE,UNAVAILABLE,Fortune Teller's Shop,Fortune Teller's Shop,Fortune Teller's Shop,Sim Quarter,Crawfish Shack,Crawfish Shack,Sim Quarter,Sim Quarter,Sim Quarter,Sim Quarter,Sim Quarter,Fortune Teller's Shop,Sim Quarter,Crawfish Shack,Sim Quarter,Fortune Teller's Shop,Fortune Teller's Shop,Fortune Teller's Shop,UNAVAILABLE,UNAVAILABLE,UNAVAILABLE,UNAVAILABLE,UNAVAILABLE,UNAVAILABLE,Fortune Teller's Shop,Sim Quarter,Sim Quarter,Sim Quarter,Crawfish Shack,Crawfish Shack,Sim Quarter,Sim Quarter,Sim Quarter,Fortune Teller's Shop,Fortune Teller's Shop,Fortune Teller's Shop,Sim Quarter,Crawfish Shack,Sim Quarter,Fortune Teller's Shop,Fortune Teller's Shop,Fortune Teller's Shop
Maximillian Moore,Miniopolis Hospital,Miniopolis Hospital,Miniopolis Hospital,Miniopolis Hospital,Miniopolis Hospital,Miniopolis Hospital,Urbania,Sim Quarter,Coffee Shop,Sim Quarter,Urbania,Miniopolis Hospital,Miniopolis Hospital,Miniopolis Hospital,Miniopolis Hospital,Miniopolis Hospital,Miniopolis Hospital,Miniopolis Hospital,Miniopolis Hospital,Miniopolis Hospital,Urbania,Slice O' Life Pizza,Urbania,Miniopolis Hospital,Miniopolis Hospital,Miniopolis Hospital,Miniopolis Hospital,Miniopolis Hospital,Miniopolis Hospital,Miniopolis Hospital,Urbania,Sim Quarter,Coffee Shop,Sim Quarter,Urbania,Miniopolis Hospital,Miniopolis Hospital,Miniopolis Hospital,Miniopolis Hospital,Miniopolis Hospital,Miniopolis Hospital,Miniopolis Hospital,Miniopolis Hospital,Miniopolis Hospital,Urbania,Slice O' Life Pizza,Urbania,Miniopolis Hospital,Miniopolis Hospital,Miniopolis Hospital,Miniopolis Hospital,Miniopolis Hospital,UNAVAILABLE,UNAVAILABLE,Sim Quarter,Sim Quarter,Sim Quarter,Sim Quarter,Caf Multiplaya,Caf Multiplaya,Caf Multiplaya,Caf Multiplaya,Caf Multiplaya,Caf Multiplaya,Sim Quarter,Urbania,Urbania,Slice O' Life Pizza,Slice O' Life Pizza,Urbania,Miniopolis Hospital,Miniopolis Hospital,Miniopolis Hospital,Miniopolis Hospital,Miniopolis Hospital,Miniopolis Hospital,Miniopolis Hospital,Miniopolis Hospital,Urbania,Sim Quarter,Coffee Shop,Sim Quarter,Urbania,Miniopolis Hospital,Miniopolis Hospital,Miniopolis Hospital,Miniopolis Hospital,Miniopolis Hospital,Miniopolis Hospital,Miniopolis Hospital,Miniopolis Hospital,Miniopolis Hospital,Urbania,Slice O' Life Pizza,Urbania,Miniopolis Hospital,Miniopolis Hospital,Miniopolis Hospital,Miniopolis Hospital,Miniopolis Hospital,Miniopolis Hospital,Miniopolis Hospital,Urbania,Sim Quarter,Coffee Shop,Sim Quarter,Urbania,Miniopolis Hospital,Miniopolis Hospital,Miniopolis Hospital,Miniopolis Hospital,Miniopolis Hospital,Miniopolis Hospital,Miniopolis Hospital,Miniopolis Hospital,Miniopolis Hospital,Urbania,Slice O' Life Pizza,Urbania,Miniopolis Hospital,Miniopolis Hospital,Miniopolis Hospital,Miniopolis Hospital,Miniopolis Hospital,UNAVAILABLE,UNAVAILABLE,Sim Quarter,Sim Quarter,Sim Quarter,Sim Quarter,Caf Multiplaya,Caf Multiplaya,Caf Multiplaya,Caf Multiplaya,Caf Multiplaya,Caf Multiplaya,Sim Quarter,Urbania,Urbania,Slice O' Life Pizza,Slice O' Life Pizza,Urbania,Miniopolis Hospital,Miniopolis Hospital,Miniopolis Hospital,Miniopolis Hospital,Miniopolis Hospital,Miniopolis Hospital,Miniopolis Hospital,Miniopolis Hospital,Urbania,Sim Quarter,Coffee Shop,Sim Quarter,Urbania,Miniopolis Hospital,Miniopolis Hospital,Miniopolis Hospital,Miniopolis Hospital,Miniopolis Hospital,Miniopolis Hospital,Miniopolis Hospital,Miniopolis Hospital,Miniopolis Hospital,Urbania,Slice O' Life Pizza,Urbania,Miniopolis Hospital
Misty Waters,UNAVAILABLE,UNAVAILABLE,UNAVAILABLE,UNAVAILABLE,UNAVAILABLE,UNAVAILABLE,King Tower (Waters' Gym),King Tower (Waters' Gym),King Tower (Waters' Gym),King Tower (Waters' Gym),Glasstown,Glasstown,Glasstown,King Tower (Waters' Gym),King Tower (Waters' Gym),King Tower (Waters' Gym),King Tower (Waters' Gym),King Tower (Waters' Gym),King Tower (Waters' Gym),King Tower (Waters' Gym),King Tower (Waters' Gym),UNAVAILABLE,UNAVAILABLE,UNAVAILABLE,Paradise Island,UNAVAILABLE,UNAVAILABLE,UNAVAILABLE,UNAVAILABLE,UNAVAILABLE,King Tower (Waters' Gym),King Tower (Waters' Gym),King Tower (Waters' Gym),King Tower (Waters' Gym),Glasstown,Glasstown,Glasstown,King Tower (Waters' Gym),King Tower (Waters' Gym),King Tower (Waters' Gym),King Tower (Waters' Gym),King Tower (Waters' Gym),King Tower (Waters' Gym),King Tower (Waters' Gym),King Tower (Waters' Gym),Paradise Island,Paradise Island,Paradise Island,Paradise Island,Paradise Island,Paradise Island,UNAVAILABLE,UNAVAILABLE,UNAVAILABLE,UNAVAILABLE,King Tower (Waters' Gym),King Tower (Waters' Gym),King Tower (Waters' Gym),Glasstown,Glasstown,Glasstown,King Tower (Waters' Gym),King Tower (Waters' Gym),King Tower (Waters' Gym),King Tower (Waters' Gym),King Tower (Waters' Gym),King Tower (Waters' Gym),King Tower (Waters' Gym),King Tower (Waters' Gym),Paradise Island,Paradise Island,Paradise Island,Paradise Island,Paradise Island,Paradise Island,Paradise Island,Paradise Island,Glasstown,King Tower (Waters' Gym),King Tower (Waters' Gym),King Tower (Waters' Gym),King Tower (Waters' Gym),Glasstown,Glasstown,Glasstown,King Tower (Waters' Gym),King Tower (Waters' Gym),King Tower (Waters' Gym),King Tower (Waters' Gym),King Tower (Waters' Gym),King Tower (Waters' Gym),Glasstown,Sim Quarter,Paradise Island,Paradise Island,Paradise Island,Paradise Island,Paradise Island,Paradise Island,Paradise Island,Paradise Island,UNAVAILABLE,UNAVAILABLE,King Tower (Waters' Gym),King Tower (Waters' Gym),King Tower (Waters' Gym),King Tower (Waters' Gym),King Tower (Waters' Gym),King Tower (Waters' Gym),King Tower (Waters' Gym),King Tower (Waters' Gym),King Tower (Waters' Gym),Glasstown,Glasstown,Sim Quarter,Glasstown,Glasstown,Paradise Island,Paradise Island,Paradise Island,Paradise Island,Paradise Island,Paradise Island,Paradise Island,Paradise Island,Glasstown,King Tower (Waters' Gym),King Tower (Waters' Gym),King Tower (Waters' Gym),King Tower (Waters' Gym),King Tower (Waters' Gym),King Tower (Waters' Gym),King Tower (Waters' Gym),King Tower (Waters' Gym),King Tower (Waters' Gym),King Tower (Waters' Gym),King Tower (Waters' Gym),Glasstown,Sim Quarter,Sim Quarter,Glasstown,Paradise Island,Paradise Island,Paradise Island,UNAVAILABLE,UNAVAILABLE,UNAVAILABLE,UNAVAILABLE,UNAVAILABLE,UNAVAILABLE,UNAVAILABLE,King Tower (Waters' Gym),King Tower (Waters' Gym),Glasstown,Glasstown,Sim Quarter,Sim Quarter,Sim Quarter,Glasstown,King Tower (Waters' Gym),King Tower (Waters' Gym),King Tower (Waters' Gym),King Tower (Waters' Gym),King Tower (Waters' Gym),King Tower (Waters' Gym),King Tower (Waters' Gym),King Tower (Waters' Gym),King Tower (Waters' Gym)
Olde Salty,Salty's Riverboat (Outside),Salty's Riverboat (Captain's Quarters),Salty's Riverboat (Captain's Quarters),Salty's Riverboat (Captain's Quarters),Salty's Riverboat (Captain's Quarters),Salty's Riverboat (Captain's Quarters),Salty's Riverboat (Outside),Salty's Riverboat (Outside),Salty's Riverboat (Outside),Salty's Riverboat (Outside),Salty's Riverboat (Outside),Salty's Riverboat (Outside),Salty's Riverboat (Outside),Sim Quarter,Sim Quarter,Salty's Riverboat (Outside),Salty's Riverboat (Outside),Salty's Riverboat (Outside),Salty's Riverboat (Outside),Salty's Riverboat (Outside),Salty's Riverboat (Lounge),Salty's Riverboat (Lounge),Salty's Riverboat (Lounge),Salty's Riverboat (Outside),Salty's Riverboat (Outside),Salty's Riverboat (Captain's Quarters),Salty's Riverboat (Captain's Quarters),Salty's Riverboat (Captain's Quarters),Salty's Riverboat (Captain's Quarters),Salty's Riverboat (Captain's Quarters),Salty's Riverboat (Outside),Salty's Riverboat (Outside),Salty's Riverboat (Outside),Salty's Riverboat (Outside),Salty's Riverboat (Outside),Salty's Riverboat (Outside),Salty's Riverboat (Lounge),Salty's Riverboat (Lounge),Salty's Riverboat (Outside),Salty's Riverboat (Outside),Salty's Riverboat (Outside),Salty's Riverboat (Outside),Salty's Riverboat (Outside),Salty's Riverboat (Outside),Salty's Riverboat (Outside),Salty's Riverboat (Outside),Salty's Riverboat (Outside),Salty's Riverboat (Outside),Salty's Riverboat (Outside),Salty's Riverboat (Captain's Quarters),Salty's Riverboat (Captain's Quarters),Salty's Riverboat (Captain's Quarters),Salty's Riverboat (Captain's Quarters),Salty's Riverboat (Captain's Quarters),Salty's Riverboat (Outside),Salty's Riverboat (Outside),Salty's Riverboat (Outside),Salty's Riverboat (Outside),Salty's Riverboat (Outside),Salty's Riverboat (Outside),Salty's Riverboat (Lounge),Salty's Riverboat (Lounge),Salty's Riverboat (Outside),Salty's Riverboat (Outside),Salty's Riverboat (Outside),Salty's Riverboat (Outside),Salty's Riverboat (Outside),Salty's Riverboat (Outside),Salty's Riverboat (Outside),Salty's Riverboat (Outside),Salty's Riverboat (Outside),Salty's Riverboat (Outside),Salty's Riverboat (Captain's Quarters),Salty's Riverboat (Captain's Quarters),Salty's Riverboat (Captain's Quarters),Salty's Riverboat (Captain's Quarters),Salty's Riverboat (Captain's Quarters),Salty's Riverboat (Captain's Quarters),Salty's Riverboat (Outside),Salty's Riverboat (Outside),Salty's Riverboat (Outside),Salty's Riverboat (Outside),Salty's Riverboat (Outside),Salty's Riverboat (Outside),Salty's Riverboat (Lounge),Salty's Riverboat (Outside),Salty's Riverboat (Outside),Salty's Riverboat (Outside),Salty's Riverboat (Outside),Salty's Riverboat (Outside),Salty's Riverboat (Outside),Salty's Riverboat (Outside),Salty's Riverboat (Outside),Salty's Riverboat (Outside),Salty's Riverboat (Outside),Salty's Riverboat (Outside),Salty's Riverboat (Lounge),Salty's Riverboat (Lounge),Salty's Riverboat (Captain's Quarters),Salty's Riverboat (Captain's Quarters),Salty's Riverboat (Captain's Quarters),Salty's Riverboat (Captain's Quarters),Salty's Riverboat (Outside),Salty's Riverboat (Outside),Salty's Riverboat (Outside),Salty's Riverboat (Outside),Salty's Riverboat (Outside),Salty's Riverboat (Outside),Salty's Riverboat (Lounge),Salty's Riverboat (Lounge),Salty's Riverboat (Outside),Salty's Riverboat (Outside),Salty's Riverboat (Outside),Salty's Riverboat (Outside),Salty's Riverboat (Outside),Salty's Riverboat (Lounge),Salty's Riverboat (Lounge),Salty's Riverboat (Outside),Salty's Riverboat (Outside),Salty's Riverboat (Outside),Salty's Riverboat (Outside),Salty's Riverboat (Captain's Quarters),Salty's Riverboat (Captain's Quarters),Salty's Riverboat (Captain's Quarters),Salty's Riverboat (Captain's Quarters),Salty's Riverboat (Captain's Quarters),Salty's Riverboat (Outside),Salty's Riverboat (Outside),Salty's Riverboat (Outside),Salty's Riverboat (Outside),Salty's Riverboat (Outside),Salty's Riverboat (Outside),Salty's Riverboat (Lounge),Salty's Riverboat (Outside),Salty's Riverboat (Outside),Salty's Riverboat (Outside),Salty's Riverboat (Outside),Salty's Riverboat (Outside),Salty's Riverboat (Outside),Salty's Riverboat (Outside),Salty's Riverboat (Outside),Salty's Riverboat (Outside),Jail,Jail,Jail,Urbania,Salty's Riverboat (Captain's Quarters),Salty's Riverboat (Captain's Quarters),Salty's Riverboat (Captain's Quarters),Salty's Riverboat (Captain's Quarters),Salty's Riverboat (Captain's Quarters),Salty's Riverboat (Captain's Quarters),Salty's Riverboat (Captain's Quarters),Salty's Riverboat (Outside),Salty's Riverboat (Outside),Salty's Riverboat (Outside),Salty's Riverboat (Outside),Salty's Riverboat (Outside),Salty's Riverboat (Outside),Cemetery,Cemetery,Salty's Riverboat (Outside),Salty's Riverboat (Outside),Salty's Riverboat (Outside),Salty's Riverboat (Outside),Salty's Riverboat (Outside),Salty's Riverboat (Outside),Salty's Riverboat (Captain's Quarters)
Phoebe Twiddle,UNAVAILABLE,UNAVAILABLE,UNAVAILABLE,UNAVAILABLE,UNAVAILABLE,UNAVAILABLE,Second Looks Thrift Emporium,Second Looks Thrift Emporium,Second Looks Thrift Emporium,Second Looks Thrift Emporium,Second Looks Thrift Emporium,Urbania,Urbania,Urbania,Urbania,Urbania,Slice O' Life Pizza,Slice O' Life Pizza,Urbania,Urbania,Urbania,Urbania,Urbania,Urbania,UNAVAILABLE,UNAVAILABLE,UNAVAILABLE,UNAVAILABLE,UNAVAILABLE,UNAVAILABLE,Second Looks Thrift Emporium,Second Looks Thrift Emporium,Second Looks Thrift Emporium,Second Looks Thrift Emporium,Second Looks Thrift Emporium,Urbania,Sim Quarter,Sim Quarter,Glasstown,Glasstown,Coffee Shop,Coffee Shop,Coffee Shop,Glasstown,Sim Quarter,Urbania,Slice O' Life Pizza,Slice O' Life Pizza,UNAVAILABLE,UNAVAILABLE,UNAVAILABLE,UNAVAILABLE,UNAVAILABLE,UNAVAILABLE,Second Looks Thrift Emporium,Second Looks Thrift Emporium,Second Looks Thrift Emporium,Second Looks Thrift Emporium,Second Looks Thrift Emporium,Urbania,Urbania,Urbania,Urbania,Urbania,Slice O' Life Pizza,Slice O' Life Pizza,Urbania,Urbania,Urbania,Urbania,Urbania,Urbania,UNAVAILABLE,UNAVAILABLE,UNAVAILABLE,UNAVAILABLE,UNAVAILABLE,UNAVAILABLE,Second Looks Thrift Emporium,Second Looks Thrift Emporium,Second Looks Thrift Emporium,Second Looks Thrift Emporium,Second Looks Thrift Emporium,Urbania,Sim Quarter,Sim Quarter,Glasstown,Glasstown,Coffee Shop,Coffee Shop,Coffee Shop,Glasstown,Sim Quarter,Urbania,Slice O' Life Pizza,Slice O' Life Pizza,UNAVAILABLE,UNAVAILABLE,UNAVAILABLE,UNAVAILABLE,UNAVAILABLE,UNAVAILABLE,Second Looks Thrift Emporium,Second Looks Thrift Emporium,Second Looks Thrift Emporium,Second Looks Thrift Emporium,Second Looks Thrift Emporium,Urbania,Urbania,Urbania,Urbania,Urbania,Slice O' Life Pizza,Slice O' Life Pizza,Slice O' Life Pizza,Urbania,Urbania,Urbania,Urbania,Urbania,UNAVAILABLE,UNAVAILABLE,UNAVAILABLE,UNAVAILABLE,UNAVAILABLE,UNAVAILABLE,Second Looks Thrift Emporium,Second Looks Thrift Emporium,Second Looks Thrift Emporium,Second Looks Thrift Emporium,Second Looks Thrift Emporium,Urbania,Sim Quarter,Sim Quarter,Glasstown,Glasstown,Coffee Shop,Coffee Shop,Coffee Shop,Glasstown,Sim Quarter,Urbania,Slice O' Life Pizza,Slice O' Life Pizza,UNAVAILABLE,UNAVAILABLE,UNAVAILABLE,UNAVAILABLE,UNAVAILABLE,UNAVAILABLE,Second Looks Thrift Emporium,Second Looks Thrift Emporium,Second Looks Thrift Emporium,Second Looks Thrift Emporium,Second Looks Thrift Emporium,Urbania,Urbania,Urbania,Urbania,Urbania,Slice O' Life Pizza,Slice O' Life Pizza,Slice O' Life Pizza,Urbania,Urbania,Urbania,Urbania,Urbania
Polly Nomial,UNAVAILABLE,UNAVAILABLE,UNAVAILABLE,UNAVAILABLE,UNAVAILABLE,UNAVAILABLE,Miniopolis University,Miniopolis University,Miniopolis University,Miniopolis University,Miniopolis University,Sim Quarter,Sim Quarter,Caf Multiplaya,Caf Multiplaya,Caf Multiplaya,Sim Quarter,Sim Quarter,Miniopolis University,Miniopolis University,Miniopolis University,Miniopolis University,Sim Quarter,Sim Quarter,Caf Multiplaya,Caf Multiplaya,Sim Quarter,UNAVAILABLE,UNAVAILABLE,UNAVAILABLE,Miniopolis University,Miniopolis University,Miniopolis University,Miniopolis University,Miniopolis University,Sim Quarter,Caf Multiplaya,Caf Multiplaya,Caf Multiplaya,Caf Multiplaya,Sim Quarter,Sim Quarter,Miniopolis University,Miniopolis University,Miniopolis University,Miniopolis University,Sim Quarter,Sim Quarter,UNAVAILABLE,UNAVAILABLE,UNAVAILABLE,UNAVAILABLE,UNAVAILABLE,UNAVAILABLE,Miniopolis University,Miniopolis University,Miniopolis University,Miniopolis University,Miniopolis University,Sim Quarter,Caf Multiplaya,Caf Multiplaya,Caf Multiplaya,Caf Multiplaya,Sim Quarter,Sim Quarter,Miniopolis University,Miniopolis University,Miniopolis University,Miniopolis University,Sim Quarter,Sim Quarter,Caf Multiplaya,Caf Multiplaya,Sim Quarter,UNAVAILABLE,UNAVAILABLE,UNAVAILABLE,Miniopolis University,Miniopolis University,Miniopolis University,Miniopolis University,Miniopolis University,Sim Quarter,Caf Multiplaya,Caf Multiplaya,Caf Multiplaya,Caf Multiplaya,Sim Quarter,Sim Quarter,Miniopolis University,Miniopolis University,Miniopolis University,Miniopolis University,Sim Quarter,Sim Quarter,UNAVAILABLE,UNAVAILABLE,UNAVAILABLE,UNAVAILABLE,UNAVAILABLE,UNAVAILABLE,Miniopolis University,Miniopolis University,Miniopolis University,Miniopolis University,Miniopolis University,Sim Quarter,Caf Multiplaya,Caf Multiplaya,Caf Multiplaya,Caf Multiplaya,Sim Quarter,Sim Quarter,Miniopolis University,Miniopolis University,Miniopolis University,Miniopolis University,Sim Quarter,Sim Quarter,Caf Multiplaya,Caf Multiplaya,Sim Quarter,UNAVAILABLE,UNAVAILABLE,UNAVAILABLE,Miniopolis University,Miniopolis University,Miniopolis University,Miniopolis University,Miniopolis University,Sim Quarter,Caf Multiplaya,Caf Multiplaya,Caf Multiplaya,Caf Multiplaya,Sim Quarter,Sim Quarter,Miniopolis University,Miniopolis University,Miniopolis University,Miniopolis University,Sim Quarter,Sim Quarter,UNAVAILABLE,UNAVAILABLE,UNAVAILABLE,UNAVAILABLE,UNAVAILABLE,UNAVAILABLE,Miniopolis University,Miniopolis University,Miniopolis University,Miniopolis University,Miniopolis University,Sim Quarter,Caf Multiplaya,Caf Multiplaya,Caf Multiplaya,Caf Multiplaya,Sim Quarter,Sim Quarter,Miniopolis University,Miniopolis University,Miniopolis University,Miniopolis University,Sim Quarter,Sim Quarter
Pritchard Locksley,UNAVAILABLE,UNAVAILABLE,Glasstown,Glasstown,Glasstown,Glasstown,Sim Quarter,Sim Quarter,Sim Quarter,Sim Quarter,Sim Quarter,Sim Quarter,Sim Quarter,Sim Quarter,Miniopolis Chronicle,Miniopolis Chronicle,Miniopolis Chronicle,Miniopolis Chronicle,Sim Quarter,Sim Quarter,Glasstown,Glasstown,Glasstown,Glasstown,Cinema d'Urbania (Lobby),Cinema d'Urbania (Theater),Cinema d'Urbania (Theater),Cinema d'Urbania (Lobby),UNAVAILABLE,UNAVAILABLE,UNAVAILABLE,Chopper Garage,Glasstown,Glasstown,Sim Quarter,Sim Quarter,Miniopolis Chronicle,Sim Quarter,Sim Quarter,Glasstown,Glasstown,Cinema d'Urbania (Lobby),Cinema d'Urbania (Lobby),Cinema d'Urbania (Theater),Cinema d'Urbania (Theater),Cinema d'Urbania (Lobby),Glasstown,Glasstown,UNAVAILABLE,UNAVAILABLE,Glasstown,Glasstown,Glasstown,Glasstown,Sim Quarter,Sim Quarter,Sim Quarter,Sim Quarter,Sim Quarter,Sim Quarter,Sim Quarter,Sim Quarter,Miniopolis Chronicle,Miniopolis Chronicle,Miniopolis Chronicle,Miniopolis Chronicle,Sim Quarter,Sim Quarter,Glasstown,Glasstown,Glasstown,Glasstown,Cinema d'Urbania (Lobby),Cinema d'Urbania (Theater),Cinema d'Urbania (Theater),Cinema d'Urbania (Lobby),UNAVAILABLE,UNAVAILABLE,UNAVAILABLE,Glasstown,Glasstown,Glasstown,Sim Quarter,Sim Quarter,Miniopolis Chronicle,Sim Quarter,Sim Quarter,Glasstown,Glasstown,Cinema d'Urbania (Lobby),Cinema d'Urbania (Lobby),Cinema d'Urbania (Theater),Cinema d'Urbania (Theater),Cinema d'Urbania (Lobby),Glasstown,Glasstown,Cinema d'Urbania (Lobby),Cinema d'Urbania (Theater),Cinema d'Urbania (Theater),Cinema d'Urbania (Lobby),UNAVAILABLE,UNAVAILABLE,UNAVAILABLE,Glasstown,Glasstown,Glasstown,Sim Quarter,Sim Quarter,Miniopolis Chronicle,Sim Quarter,Sim Quarter,Glasstown,Glasstown,Cinema d'Urbania (Lobby),Cinema d'Urbania (Lobby),Cinema d'Urbania (Theater),Cinema d'Urbania (Theater),Cinema d'Urbania (Lobby),Glasstown,Glasstown,Cinema d'Urbania (Lobby),Cinema d'Urbania (Theater),Cinema d'Urbania (Theater),Cinema d'Urbania (Lobby),UNAVAILABLE,UNAVAILABLE,UNAVAILABLE,Glasstown,Glasstown,Glasstown,Sim Quarter,Sim Quarter,Miniopolis Chronicle,Sim Quarter,Sim Quarter,Glasstown,Glasstown,Cinema d'Urbania (Lobby),Cinema d'Urbania (Lobby),Cinema d'Urbania (Theater),Cinema d'Urbania (Theater),Cinema d'Urbania (Lobby),Glasstown,Glasstown,UNAVAILABLE,UNAVAILABLE,Glasstown,Glasstown,Glasstown,Glasstown,Sim Quarter,Sim Quarter,Sim Quarter,Sim Quarter,Glasstown,Glasstown,Sim Quarter,Sim Quarter,Miniopolis Chronicle,Miniopolis Chronicle,Miniopolis Chronicle,Miniopolis Chronicle,Sim Quarter,Sim Quarter,Glasstown,Glasstown,Glasstown,Glasstown
Roxanna Moxie,Carnival,Carnival,Carnival,Carnival,Carnival,Glasstown,Sim Quarter,Fortune Teller's Shop,Sim Quarter,Glasstown,Carnival,Carnival,Carnival,Carnival,Carnival,Carnival,Carnival,Glasstown,Sim Quarter,Sim Quarter,Sim Quarter,Glasstown,Carnival,Carnival,Carnival,Carnival,Carnival,Carnival,Carnival,Glasstown,Sim Quarter,Sim Quarter,Sim Quarter,Glasstown,Carnival,Carnival,Carnival,Carnival,Carnival,Carnival,Carnival,Glasstown,Sim Quarter,Crawfish Shack,Sim Quarter,Glasstown,Sim Quarter,Sim Quarter,Carnival,Carnival,Carnival,Carnival,Carnival,Glasstown,Sim Quarter,Sim Quarter,Sim Quarter,Glasstown,Carnival,Carnival,Carnival,Carnival,Carnival,Carnival,Carnival,Glasstown,Sim Quarter,Crawfish Shack,Sim Quarter,Glasstown,Sim Quarter,Sim Quarter,Carnival,Carnival,Carnival,Carnival,Glasstown,Carnival,Sim Quarter,Sim Quarter,Sim Quarter,Glasstown,Carnival,Carnival,Carnival,Carnival,Carnival,Carnival,Carnival,Glasstown,Sim Quarter,Sim Quarter,Sim Quarter,Glasstown,Sim Quarter,Sim Quarter,Carnival,Carnival,Carnival,Carnival,Carnival,Carnival,Glasstown,Sim Quarter,Sim Quarter,Glasstown,Sim Quarter,Carnival,Carnival,Carnival,Carnival,Carnival,Carnival,Glasstown,Sim Quarter,Sim Quarter,Sim Quarter,Glasstown,Sim Quarter,Sim Quarter,Carnival,Carnival,Carnival,Carnival,Carnival,Carnival,Glasstown,Sim Quarter,Sim Quarter,Glasstown,Sim Quarter,Carnival,Carnival,Carnival,Carnival,Carnival,Carnival,Glasstown,Sim Quarter,Sim Quarter,Sim Quarter,Glasstown,Sim Quarter,Sim Quarter,Carnival,Carnival,Carnival,Carnival,Carnival,Carnival,Glasstown,Fortune Teller's Shop,Sim Quarter,Glasstown,Sim Quarter,Carnival,Carnival,Carnival,Carnival,Carnival,Carnival,Glasstown,Sim Quarter,Sim Quarter,Sim Quarter,Sim Quarter,Sim Quarter,Sim Quarter
Sue Pirnova,UNAVAILABLE,UNAVAILABLE,UNAVAILABLE,UNAVAILABLE,UNAVAILABLE,UNAVAILABLE,Miniopolis University,Miniopolis University,Miniopolis University,Miniopolis University,Miniopolis University,Sim Quarter,Caf Multiplaya,Caf Multiplaya,Caf Multiplaya,Caf Multiplaya,Sim Quarter,Sim Quarter,Urbania,Miniopolis University,Miniopolis University,Miniopolis University,Sim Quarter,Sim Quarter,UNAVAILABLE,UNAVAILABLE,UNAVAILABLE,UNAVAILABLE,UNAVAILABLE,King Tower (Waters' Gym),Miniopolis University,Miniopolis University,Miniopolis University,Urbania,Urbania,Sim Quarter,Sim Quarter,Caf Multiplaya,Caf Multiplaya,Caf Multiplaya,Sim Quarter,Sim Quarter,Urbania,Miniopolis University,Miniopolis University,Miniopolis University,Urbania,Sim Quarter,UNAVAILABLE,UNAVAILABLE,UNAVAILABLE,UNAVAILABLE,UNAVAILABLE,King Tower (Waters' Gym),Miniopolis University,Miniopolis University,Miniopolis University,Urbania,Urbania,Sim Quarter,Sim Quarter,Caf Multiplaya,Caf Multiplaya,Caf Multiplaya,Sim Quarter,Sim Quarter,Urbania,Miniopolis University,Miniopolis University,Miniopolis University,Urbania,Sim Quarter,UNAVAILABLE,UNAVAILABLE,UNAVAILABLE,UNAVAILABLE,UNAVAILABLE,King Tower (Waters' Gym),Miniopolis University,Miniopolis University,Miniopolis University,Urbania,Urbania,Sim Quarter,Sim Quarter,Caf Multiplaya,Caf Multiplaya,Caf Multiplaya,Sim Quarter,Sim Quarter,Urbania,Miniopolis University,Miniopolis University,Miniopolis University,Urbania,Sim Quarter,UNAVAILABLE,UNAVAILABLE,UNAVAILABLE,UNAVAILABLE,UNAVAILABLE,King Tower (Waters' Gym),Miniopolis University,Miniopolis University,Miniopolis University,Urbania,Urbania,Sim Quarter,Sim Quarter,Caf Multiplaya,Caf Multiplaya,Caf Multiplaya,Sim Quarter,Sim Quarter,Urbania,Miniopolis University,Miniopolis University,Miniopolis University,Urbania,Sim Quarter,UNAVAILABLE,UNAVAILABLE,UNAVAILABLE,UNAVAILABLE,UNAVAILABLE,King Tower (Waters' Gym),Miniopolis University,Miniopolis University,Miniopolis University,Urbania,Urbania,Sim Quarter,Sim Quarter,Caf Multiplaya,Caf Multiplaya,Caf Multiplaya,Sim Quarter,Sim Quarter,Urbania,Miniopolis University,Miniopolis University,Miniopolis University,Urbania,Sim Quarter,UNAVAILABLE,UNAVAILABLE,UNAVAILABLE,UNAVAILABLE,UNAVAILABLE,UNAVAILABLE,Miniopolis University,Miniopolis University,Miniopolis University,Miniopolis University,Miniopolis University,Sim Quarter,Caf Multiplaya,Caf Multiplaya,Caf Multiplaya,Caf Multiplaya,Sim Quarter,Sim Quarter,Miniopolis University,Miniopolis University,Miniopolis University,Miniopolis University,Sim Quarter,Sim Quarter
Theresa Bullhorn,Carnival,Carnival,Carnival,UNAVAILABLE,UNAVAILABLE,UNAVAILABLE,Sim Quarter,Sim Quarter,Sim Quarter,Glasstown,Glasstown,Sim Quarter,Sim Quarter,Carnival,Carnival,Carnival,Carnival,Glasstown,Glasstown,Sim Quarter,Sim Quarter,Glasstown,Glasstown,Glasstown,UNAVAILABLE,UNAVAILABLE,UNAVAILABLE,UNAVAILABLE,UNAVAILABLE,UNAVAILABLE,Glasstown,Glasstown,Glasstown,Glasstown,Glasstown,Glasstown,Glasstown,Glasstown,Glasstown,Glasstown,Sim Quarter,Sim Quarter,Sim Quarter,Sim Quarter,Sim Quarter,Zeke's Zydeco Club,Zeke's Zydeco Club,Zeke's Zydeco Club,Carnival,Carnival,Carnival,UNAVAILABLE,UNAVAILABLE,UNAVAILABLE,Sim Quarter,Sim Quarter,Sim Quarter,Glasstown,Glasstown,Sim Quarter,Sim Quarter,Carnival,Carnival,Carnival,Carnival,Glasstown,Glasstown,Sim Quarter,Sim Quarter,Glasstown,Glasstown,Glasstown,UNAVAILABLE,UNAVAILABLE,UNAVAILABLE,UNAVAILABLE,UNAVAILABLE,UNAVAILABLE,Glasstown,Glasstown,Glasstown,Glasstown,Glasstown,Glasstown,Glasstown,Glasstown,Glasstown,Glasstown,Sim Quarter,Sim Quarter,Sim Quarter,Sim Quarter,Sim Quarter,Zeke's Zydeco Club,Zeke's Zydeco Club,Zeke's Zydeco Club,Zeke's Zydeco Club,Zeke's Zydeco Club,Zeke's Zydeco Club,UNAVAILABLE,UNAVAILABLE,UNAVAILABLE,UNAVAILABLE,Glasstown,Glasstown,Sim Quarter,Sim Quarter,Glasstown,Glasstown,Glasstown,Glasstown,Glasstown,Sim Quarter,Sim Quarter,Sim Quarter,Sim Quarter,Sim Quarter,Zeke's Zydeco Club,Zeke's Zydeco Club,Zeke's Zydeco Club,Carnival,Carnival,Carnival,UNAVAILABLE,UNAVAILABLE,UNAVAILABLE,UNAVAILABLE,Sim Quarter,Sim Quarter,Glasstown,Glasstown,Sim Quarter,Sim Quarter,Carnival,Carnival,Carnival,Carnival,Glasstown,Glasstown,Sim Quarter,Sim Quarter,Glasstown,Glasstown,Glasstown,Zeke's Zydeco Club,Zeke's Zydeco Club,Zeke's Zydeco Club,UNAVAILABLE,UNAVAILABLE,UNAVAILABLE,UNAVAILABLE,Sim Quarter,Sim Quarter,Sim Quarter,Sim Quarter,Sim Quarter,Glasstown,Glasstown,Glasstown,Glasstown,Sim Quarter,Sim Quarter,Sim Quarter,Sim Quarter,Sim Quarter,Zeke's Zydeco Club,Zeke's Zydeco Club,Zeke's Zydeco Club
Heidi Shadows,UNAVAILABLE,"November 28th, 1984",Carnival,UNAVAILABLE,Paradise Island,UNAVAILABLE,Jail (Secret Tunnel),UNAVAILABLE,UNAVAILABLE,UNAVAILABLE,Moon Base Zeta,UNAVAILABLE,UNAVAILABLE,UNAVAILABLE,UNAVAILABLE,UNAVAILABLE,UNAVAILABLE,UNAVAILABLE,UNAVAILABLE,UNAVAILABLE,UNAVAILABLE,UNAVAILABLE,UNAVAILABLE,UNAVAILABLE,UNAVAILABLE,"November 28th, 1984",Carnival,UNAVAILABLE,Paradise Island,UNAVAILABLE,Jail (Secret Tunnel),UNAVAILABLE,UNAVAILABLE,UNAVAILABLE,Moon Base Zeta,UNAVAILABLE,UNAVAILABLE,UNAVAILABLE,UNAVAILABLE,UNAVAILABLE,UNAVAILABLE,UNAVAILABLE,UNAVAILABLE,UNAVAILABLE,UNAVAILABLE,UNAVAILABLE,UNAVAILABLE,UNAVAILABLE,UNAVAILABLE,"November 28th, 1984",Carnival,UNAVAILABLE,Paradise Island,UNAVAILABLE,Jail (Secret Tunnel),UNAVAILABLE,UNAVAILABLE,UNAVAILABLE,Moon Base Zeta,UNAVAILABLE,UNAVAILABLE,UNAVAILABLE,UNAVAILABLE,UNAVAILABLE,UNAVAILABLE,UNAVAILABLE,UNAVAILABLE,UNAVAILABLE,UNAVAILABLE,UNAVAILABLE,UNAVAILABLE,UNAVAILABLE,UNAVAILABLE,"November 28th, 1984",Carnival,UNAVAILABLE,Paradise Island,UNAVAILABLE,Jail (Secret Tunnel),UNAVAILABLE,UNAVAILABLE,UNAVAILABLE,Moon Base Zeta,UNAVAILABLE,UNAVAILABLE,UNAVAILABLE,UNAVAILABLE,UNAVAILABLE,UNAVAILABLE,UNAVAILABLE,UNAVAILABLE,UNAVAILABLE,UNAVAILABLE,UNAVAILABLE,UNAVAILABLE,UNAVAILABLE,UNAVAILABLE,"November 28th, 1984",Carnival,UNAVAILABLE,Paradise Island,UNAVAILABLE,Jail (Secret Tunnel),UNAVAILABLE,UNAVAILABLE,UNAVAILABLE,Moon Base Zeta,UNAVAILABLE,UNAVAILABLE,UNAVAILABLE,UNAVAILABLE,UNAVAILABLE,UNAVAILABLE,UNAVAILABLE,UNAVAILABLE,UNAVAILABLE,UNAVAILABLE,UNAVAILABLE,UNAVAILABLE,UNAVAILABLE,UNAVAILABLE,"November 28th, 1984",Carnival,UNAVAILABLE,Paradise Island,UNAVAILABLE,Jail (Secret Tunnel),UNAVAILABLE,UNAVAILABLE,UNAVAILABLE,Moon Base Zeta,UNAVAILABLE,UNAVAILABLE,UNAVAILABLE,UNAVAILABLE,UNAVAILABLE,UNAVAILABLE,UNAVAILABLE,UNAVAILABLE,UNAVAILABLE,UNAVAILABLE,UNAVAILABLE,UNAVAILABLE,UNAVAILABLE,UNAVAILABLE,"November 28th, 1984",Carnival,UNAVAILABLE,Paradise Island,UNAVAILABLE,Jail (Secret Tunnel),UNAVAILABLE,UNAVAILABLE,UNAVAILABLE,Moon Base Zeta,UNAVAILABLE,UNAVAILABLE,UNAVAILABLE,UNAVAILABLE,UNAVAILABLE,UNAVAILABLE,UNAVAILABLE,UNAVAILABLE,UNAVAILABLE,UNAVAILABLE,UNAVAILABLE,UNAVAILABLE,UNAVAILABLE
